,trip_length,trip_start_time,trip_end_time,trip_duration,ev,ev_id,trip_speed,trip_energy_consumption,trip_required_soc,ev_battery_size,trip_estimate_arrival,profile,trip_id,covered_distance,covered_trip_length
0,0.005,2023-01-01 07:59:00.000000,2023-01-01 07:59:00.301249,0 days 00:00:00.301249,Nissan Leaf with 59 kWh battery,06aff8a0aacde61d7d4187cc27f4ae8d,59.751183093163846,0.0008500000000000001,1.440677966101695e-05,59.0,2023-01-01 07:59:00.301249,"N:Residential3, T:Short",fcbb3e6b95880d0b4c5d7b99b8f5f271,0.005,
1,0.005,2023-01-01 18:31:00.000000,2023-01-01 18:31:00.295729,0 days 00:00:00.295729,Nissan Leaf with 59 kWh battery,06aff8a0aacde61d7d4187cc27f4ae8d,60.86645963445135,0.0008500000000000001,1.440677966101695e-05,59.0,2023-01-01 18:31:00.295729,"N:Residential3, T:Short",94791f23cf8c44bac1a9a9b4e8482dc3,0.005,
2,0.005,2023-01-02 08:00:00.000000,2023-01-02 08:00:00.299302,0 days 00:00:00.299302,Nissan Leaf with 59 kWh battery,06aff8a0aacde61d7d4187cc27f4ae8d,60.139966282342186,0.0008500000000000001,1.440677966101695e-05,59.0,2023-01-02 08:00:00.299302,"N:Residential3, T:Short",5be6aa65dbfab4f3f1c8eb62bb03f758,0.005,
3,0.005,2023-01-02 18:34:00.000000,2023-01-02 18:34:00.296972,0 days 00:00:00.296972,Nissan Leaf with 59 kWh battery,06aff8a0aacde61d7d4187cc27f4ae8d,60.611872477257975,0.0008500000000000001,1.440677966101695e-05,59.0,2023-01-02 18:34:00.296972,"N:Residential3, T:Short",a16f60b70ac8912272431bb50fc0420c,0.005,
4,0.005,2023-01-03 07:54:00.000000,2023-01-03 07:54:00.300252,0 days 00:00:00.300252,Nissan Leaf with 59 kWh battery,06aff8a0aacde61d7d4187cc27f4ae8d,59.9497264612496,0.0008500000000000001,1.440677966101695e-05,59.0,2023-01-03 07:54:00.300252,"N:Residential3, T:Short",203a0fb00dc1f64df25a0930dd6a590a,0.005,
5,0.005,2023-01-03 18:34:00.000000,2023-01-03 18:34:00.303901,0 days 00:00:00.303901,Nissan Leaf with 59 kWh battery,06aff8a0aacde61d7d4187cc27f4ae8d,59.2297528863742,0.0008500000000000001,1.440677966101695e-05,59.0,2023-01-03 18:34:00.303901,"N:Residential3, T:Short",9520ac44ff0b6ff6b4e60c90b837ab1d,0.005,
6,0.005,2023-01-04 08:00:00.000000,2023-01-04 08:00:00.302095,0 days 00:00:00.302095,Nissan Leaf with 59 kWh battery,06aff8a0aacde61d7d4187cc27f4ae8d,59.58387696004782,0.0008500000000000001,1.440677966101695e-05,59.0,2023-01-04 08:00:00.302095,"N:Residential3, T:Short",b799bc1d13991c5870f1673210fd0d91,0.005,
7,0.005,2023-01-04 18:26:00.000000,2023-01-04 18:26:00.300666,0 days 00:00:00.300666,Nissan Leaf with 59 kWh battery,06aff8a0aacde61d7d4187cc27f4ae8d,59.86711039730519,0.0008500000000000001,1.440677966101695e-05,59.0,2023-01-04 18:26:00.300666,"N:Residential3, T:Short",9a4d213490a8830999f6c4a5aa3a6295,0.005,
8,0.005,2023-01-05 08:05:00.000000,2023-01-05 08:05:00.303475,0 days 00:00:00.303475,Nissan Leaf with 59 kWh battery,06aff8a0aacde61d7d4187cc27f4ae8d,59.31300751389504,0.0008500000000000001,1.440677966101695e-05,59.0,2023-01-05 08:05:00.303475,"N:Residential3, T:Short",47597dfd39887ee33cda7206f6a37f4f,0.005,
9,0.005,2023-01-05 18:35:00.000000,2023-01-05 18:35:00.298069,0 days 00:00:00.298069,Nissan Leaf with 59 kWh battery,06aff8a0aacde61d7d4187cc27f4ae8d,60.38877798790608,0.0008500000000000001,1.440677966101695e-05,59.0,2023-01-05 18:35:00.298069,"N:Residential3, T:Short",b84c9a261c05d6b66fac5b583116da8f,0.005,
10,0.005,2023-01-06 07:57:00.000000,2023-01-06 07:57:00.296472,0 days 00:00:00.296472,Nissan Leaf with 59 kWh battery,06aff8a0aacde61d7d4187cc27f4ae8d,60.713947967668396,0.0008500000000000001,1.440677966101695e-05,59.0,2023-01-06 07:57:00.296472,"N:Residential3, T:Short",f26af3dcf44e20419226d9849ef18fa8,0.005,
11,0.005,2023-01-06 18:28:00.000000,2023-01-06 18:28:00.300141,0 days 00:00:00.300141,Nissan Leaf with 59 kWh battery,06aff8a0aacde61d7d4187cc27f4ae8d,59.971763309803684,0.0008500000000000001,1.440677966101695e-05,59.0,2023-01-06 18:28:00.300141,"N:Residential3, T:Short",c34b9328a7d3670c04dd27cbc01cb41f,0.005,
12,0.005,2023-01-07 07:57:00.000000,2023-01-07 07:57:00.303674,0 days 00:00:00.303674,Nissan Leaf with 59 kWh battery,06aff8a0aacde61d7d4187cc27f4ae8d,59.27405333268484,0.0008500000000000001,1.440677966101695e-05,59.0,2023-01-07 07:57:00.303674,"N:Residential3, T:Short",c4d48174ddc2dde5912f99571557cefd,0.005,
13,0.005,2023-01-07 18:28:00.000000,2023-01-07 18:28:00.304207,0 days 00:00:00.304207,Nissan Leaf with 59 kWh battery,06aff8a0aacde61d7d4187cc27f4ae8d,59.170238183640905,0.0008500000000000001,1.440677966101695e-05,59.0,2023-01-07 18:28:00.304207,"N:Residential3, T:Short",86a0f558100832dea8a0aa7412349836,0.005,
14,29.916666666666668,2023-01-01 08:05:00.000000,2023-01-01 08:27:24.218370,0 days 00:22:24.218370,Renault Zoe with 52 kWh battery,dff4c06008604f528a2884f97ccad3a0,80.12091071807319,5.085833333333334,0.0978044871794872,52.0,2023-01-01 08:27:24.218370,"N:Work1, T:Long",70690f0e263d60a00761ccf908e927d0,29.916666666666668,
15,29.916666666666668,2023-01-01 12:56:00.000000,2023-01-01 13:18:31.878468,0 days 00:22:31.878468,Renault Zoe with 52 kWh battery,dff4c06008604f528a2884f97ccad3a0,79.66692459308278,5.085833333333334,0.0978044871794872,52.0,2023-01-01 13:18:31.878468,"N:Work1, T:Long",d27aa755ae9827bb5bcc602bbd0a583e,29.916666666666668,
16,29.916666666666668,2023-01-01 18:32:00.000000,2023-01-01 18:54:21.666561,0 days 00:22:21.666561,Renault Zoe with 52 kWh battery,dff4c06008604f528a2884f97ccad3a0,80.2732982636123,5.085833333333334,0.0978044871794872,52.0,2023-01-01 18:54:21.666561,"N:Work1, T:Long",bf7a696421228fe70f8325ef554afc57,29.916666666666668,
17,31.146666666666665,2023-01-02 08:00:00.000000,2023-01-02 08:23:04.447276,0 days 00:23:04.447276,Renault Zoe with 52 kWh battery,dff4c06008604f528a2884f97ccad3a0,80.99116660020685,5.294933333333334,0.10182564102564104,52.0,2023-01-02 08:23:04.447276,"N:Work1, T:Long",19528ba544edc68c6ba9d949defb52a8,31.146666666666665,
18,31.146666666666665,2023-01-02 12:59:00.000000,2023-01-02 13:22:38.779571,0 days 00:23:38.779571,Renault Zoe with 52 kWh battery,dff4c06008604f528a2884f97ccad3a0,79.03130426529863,5.294933333333334,0.10182564102564104,52.0,2023-01-02 13:22:38.779571,"N:Work1, T:Long",406dedd3b56cc4897f29c9f7414359b0,31.146666666666665,
19,31.146666666666665,2023-01-02 18:25:00.000000,2023-01-02 18:48:23.907430,0 days 00:23:23.907430,Renault Zoe with 52 kWh battery,dff4c06008604f528a2884f97ccad3a0,79.86851384849523,5.294933333333334,0.10182564102564104,52.0,2023-01-02 18:48:23.907430,"N:Work1, T:Long",ca296c41c86661cb727d6fa231867b85,31.146666666666665,
20,29.77,2023-01-03 08:03:00.000000,2023-01-03 08:25:13.795060,0 days 00:22:13.795060,Renault Zoe with 52 kWh battery,dff4c06008604f528a2884f97ccad3a0,80.35117477443623,5.0609,0.09732500000000001,52.0,2023-01-03 08:25:13.795060,"N:Work1, T:Long",f144530826de8967e798be7f9f91e08c,29.77,
21,29.77,2023-01-03 12:59:00.000000,2023-01-03 13:21:17.361895,0 days 00:22:17.361895,Renault Zoe with 52 kWh battery,dff4c06008604f528a2884f97ccad3a0,80.1368727578301,5.0609,0.09732500000000001,52.0,2023-01-03 13:21:17.361895,"N:Work1, T:Long",540114c9370ef8786888ce59ba22261d,29.77,
22,29.77,2023-01-03 18:31:00.000000,2023-01-03 18:53:09.577092,0 days 00:22:09.577092,Renault Zoe with 52 kWh battery,dff4c06008604f528a2884f97ccad3a0,80.60608193344147,5.0609,0.09732500000000001,52.0,2023-01-03 18:53:09.577092,"N:Work1, T:Long",1687165547c533f85d6d1a195c1abaaa,29.77,
23,29.863333333333333,2023-01-04 07:58:00.000000,2023-01-04 08:20:21.599880,0 days 00:22:21.599880,Renault Zoe with 52 kWh battery,dff4c06008604f528a2884f97ccad3a0,80.13417534381338,5.076766666666667,0.0976301282051282,52.0,2023-01-04 08:20:21.599880,"N:Work1, T:Long",92ae0eb3fef4a6ec98028c09fe040bf4,29.863333333333333,
24,29.863333333333333,2023-01-04 12:55:00.000000,2023-01-04 13:17:21.928853,0 days 00:22:21.928853,Renault Zoe with 52 kWh battery,dff4c06008604f528a2884f97ccad3a0,80.11453046860082,5.076766666666667,0.0976301282051282,52.0,2023-01-04 13:17:21.928853,"N:Work1, T:Long",0d7514995dc7d05e86e5f0d73de1a5b5,29.863333333333333,
25,29.863333333333333,2023-01-04 18:32:00.000000,2023-01-04 18:54:39.024230,0 days 00:22:39.024230,Renault Zoe with 52 kWh battery,dff4c06008604f528a2884f97ccad3a0,79.10675737530804,5.076766666666667,0.0976301282051282,52.0,2023-01-04 18:54:39.024230,"N:Work1, T:Long",a4e2fac48100d03a6af9dfe933ea856f,29.863333333333333,
26,31.876666666666665,2023-01-05 07:54:00.000000,2023-01-05 08:18:00.973021,0 days 00:24:00.973021,Renault Zoe with 52 kWh battery,dff4c06008604f528a2884f97ccad3a0,79.6378546235135,5.419033333333333,0.10421217948717948,52.0,2023-01-05 08:18:00.973021,"N:Work1, T:Long",560890194b846de66092a8d67f291865,31.876666666666665,
27,31.876666666666665,2023-01-05 13:04:00.000000,2023-01-05 13:27:39.122228,0 days 00:23:39.122228,Renault Zoe with 52 kWh battery,dff4c06008604f528a2884f97ccad3a0,80.86407057064368,5.419033333333333,0.10421217948717948,52.0,2023-01-05 13:27:39.122228,"N:Work1, T:Long",589d0bf35fc17cde1ddce69a4e05eccd,31.876666666666665,
28,31.876666666666665,2023-01-05 18:30:00.000000,2023-01-05 18:53:59.223792,0 days 00:23:59.223792,Renault Zoe with 52 kWh battery,dff4c06008604f528a2884f97ccad3a0,79.73464628892323,5.419033333333333,0.10421217948717948,52.0,2023-01-05 18:53:59.223792,"N:Work1, T:Long",87a00e426207b98cd447e45c22c16dfd,31.876666666666665,
29,32.10666666666666,2023-01-06 07:57:00.000000,2023-01-06 08:20:47.549822,0 days 00:23:47.549822,Renault Zoe with 52 kWh battery,dff4c06008604f528a2884f97ccad3a0,80.96670128419237,5.458133333333333,0.10496410256410255,52.0,2023-01-06 08:20:47.549822,"N:Work1, T:Long",bc120fe8e09ae11611ad66f48f10e20c,32.10666666666666,
30,32.10666666666666,2023-01-06 12:57:00.000000,2023-01-06 13:20:51.377560,0 days 00:23:51.377560,Renault Zoe with 52 kWh battery,dff4c06008604f528a2884f97ccad3a0,80.75018306101444,5.458133333333333,0.10496410256410255,52.0,2023-01-06 13:20:51.377560,"N:Work1, T:Long",97718cc892a5e885ac18c42a06c21d24,32.10666666666666,
31,32.10666666666666,2023-01-06 18:28:00.000000,2023-01-06 18:52:18.904183,0 days 00:24:18.904183,Renault Zoe with 52 kWh battery,dff4c06008604f528a2884f97ccad3a0,79.22658757167379,5.458133333333333,0.10496410256410255,52.0,2023-01-06 18:52:18.904183,"N:Work1, T:Long",719e40a2942d4532137731b0e864356a,32.10666666666666,
32,32.51,2023-01-07 08:05:00.000000,2023-01-07 08:29:33.458870,0 days 00:24:33.458870,Renault Zoe with 52 kWh battery,dff4c06008604f528a2884f97ccad3a0,79.42943125627754,5.5267,0.1062826923076923,52.0,2023-01-07 08:29:33.458870,"N:Work1, T:Long",4fabfe7d56b4063910ae2495a17f7a40,32.51,
33,32.51,2023-01-07 13:04:00.000000,2023-01-07 13:28:20.690822,0 days 00:24:20.690822,Renault Zoe with 52 kWh battery,dff4c06008604f528a2884f97ccad3a0,80.12373204514842,5.5267,0.1062826923076923,52.0,2023-01-07 13:28:20.690822,"N:Work1, T:Long",9a95b1840ef9179c2788945da38e2793,32.51,
34,32.51,2023-01-07 18:35:00.000000,2023-01-07 18:59:24.811783,0 days 00:24:24.811783,Renault Zoe with 52 kWh battery,dff4c06008604f528a2884f97ccad3a0,79.8983196249983,5.5267,0.1062826923076923,52.0,2023-01-07 18:59:24.811783,"N:Work1, T:Long",e2cb29b3b5fb2e71141232b11b9d0c66,32.51,
35,1.12,2023-01-01 08:02:00.000000,2023-01-01 08:03:06.251316,0 days 00:01:06.251316,Nissan Leaf with 59 kWh battery,fc7908ad4485434129ce84691691b39c,60.85916829834872,0.19040000000000004,0.003227118644067797,59.0,2023-01-01 08:03:06.251316,"N:Residential3, T:Short",563ca9c4710a394f21b793af483e80cd,1.12,
36,1.12,2023-01-01 18:24:00.000000,2023-01-01 18:25:07.585016,0 days 00:01:07.585016,Nissan Leaf with 59 kWh battery,fc7908ad4485434129ce84691691b39c,59.65819424825531,0.19040000000000004,0.003227118644067797,59.0,2023-01-01 18:25:07.585016,"N:Residential3, T:Short",7ab53599ece0a1618e25625fd1a7f7fa,1.12,
37,1.02,2023-01-02 08:02:00.000000,2023-01-02 08:03:00.812901,0 days 00:01:00.812901,Nissan Leaf with 59 kWh battery,fc7908ad4485434129ce84691691b39c,60.381924575979006,0.17340000000000003,0.0029389830508474582,59.0,2023-01-02 08:03:00.812901,"N:Residential3, T:Short",105cb95c4c5c93a00bc693c13d302b86,1.02,
38,1.02,2023-01-02 18:24:00.000000,2023-01-02 18:25:01.942883,0 days 00:01:01.942883,Nissan Leaf with 59 kWh battery,fc7908ad4485434129ce84691691b39c,59.28041848700377,0.17340000000000003,0.0029389830508474582,59.0,2023-01-02 18:25:01.942883,"N:Residential3, T:Short",ecc811846a353d3af3bc3eccff547582,1.02,
39,1.075,2023-01-03 07:57:00.000000,2023-01-03 07:58:03.606290,0 days 00:01:03.606290,Nissan Leaf with 59 kWh battery,fc7908ad4485434129ce84691691b39c,60.843038952424656,0.18275,0.003097457627118644,59.0,2023-01-03 07:58:03.606290,"N:Residential3, T:Short",e231e61c8c60cd76b40f6aa76d84a4f0,1.075,
40,1.075,2023-01-03 18:28:00.000000,2023-01-03 18:29:04.687198,0 days 00:01:04.687198,Nissan Leaf with 59 kWh battery,fc7908ad4485434129ce84691691b39c,59.82636647546334,0.18275,0.003097457627118644,59.0,2023-01-03 18:29:04.687198,"N:Residential3, T:Short",104a213ee214f12637dcbc67cbb78796,1.075,
41,1.055,2023-01-04 08:04:00.000000,2023-01-04 08:05:03.244892,0 days 00:01:03.244892,Nissan Leaf with 59 kWh battery,fc7908ad4485434129ce84691691b39c,60.052280653366445,0.17935,0.0030398305084745766,59.0,2023-01-04 08:05:03.244892,"N:Residential3, T:Short",15cb38ab979df2808b8d47c52ce85b0b,1.055,
42,1.055,2023-01-04 18:32:00.000000,2023-01-04 18:33:02.293158,0 days 00:01:02.293158,Nissan Leaf with 59 kWh battery,fc7908ad4485434129ce84691691b39c,60.96977761753453,0.17935,0.0030398305084745766,59.0,2023-01-04 18:33:02.293158,"N:Residential3, T:Short",41d3a56088c7de678b217ef0e9e9d9a5,1.055,
43,1.095,2023-01-05 07:55:00.000000,2023-01-05 07:56:04.779815,0 days 00:01:04.779815,Nissan Leaf with 59 kWh battery,fc7908ad4485434129ce84691691b39c,60.85228894464561,0.18615,0.003155084745762712,59.0,2023-01-05 07:56:04.779815,"N:Residential3, T:Short",8bd74eaf2d1e4183f3d5fee26f6b0361,1.095,
44,1.095,2023-01-05 18:24:00.000000,2023-01-05 18:25:04.760846,0 days 00:01:04.760846,Nissan Leaf with 59 kWh battery,fc7908ad4485434129ce84691691b39c,60.870112740378204,0.18615,0.003155084745762712,59.0,2023-01-05 18:25:04.760846,"N:Residential3, T:Short",0fa0533aaf93882e7f81e8d85bb7355d,1.095,
45,1.015,2023-01-06 07:55:00.000000,2023-01-06 07:56:01.657560,0 days 00:01:01.657560,Nissan Leaf with 59 kWh battery,fc7908ad4485434129ce84691691b39c,59.26280525121132,0.17255,0.002924576271186441,59.0,2023-01-06 07:56:01.657560,"N:Residential3, T:Short",8252cca62194215f7ad2af3f8c6176a1,1.015,
46,1.015,2023-01-06 18:24:00.000000,2023-01-06 18:25:00.534147,0 days 00:01:00.534147,Nissan Leaf with 59 kWh battery,fc7908ad4485434129ce84691691b39c,60.36262518414168,0.17255,0.002924576271186441,59.0,2023-01-06 18:25:00.534147,"N:Residential3, T:Short",a705158e3e7792971c117164213fae4d,1.015,
47,1.11,2023-01-07 08:04:00.000000,2023-01-07 08:05:05.842114,0 days 00:01:05.842114,Nissan Leaf with 59 kWh battery,fc7908ad4485434129ce84691691b39c,60.69063921879271,0.18870000000000003,0.003198305084745763,59.0,2023-01-07 08:05:05.842114,"N:Residential3, T:Short",76b56c194ffc3ce3e1549bceec346df8,1.11,
48,1.11,2023-01-07 18:34:00.000000,2023-01-07 18:35:06.901779,0 days 00:01:06.901779,Nissan Leaf with 59 kWh battery,fc7908ad4485434129ce84691691b39c,59.72935363066389,0.18870000000000003,0.003198305084745763,59.0,2023-01-07 18:35:06.901779,"N:Residential3, T:Short",cf72e43926ea7f6f8c688fdc250208f8,1.11,
49,6.81,2023-01-01 08:04:00.000000,2023-01-01 08:10:53.417855,0 days 00:06:53.417855,Volvo XC40 with 78 kWh battery,92e6ef29c5eb156d584ec54c50ea42c4,59.300776961305004,1.1985599999999998,0.015366153846153844,78.0,2023-01-01 08:10:53.417855,"N:Residential1, T:Short",39d34df886e6e0bca877e38926581178,6.81,
50,6.81,2023-01-01 18:28:00.000000,2023-01-01 18:34:48.146205,0 days 00:06:48.146205,Volvo XC40 with 78 kWh battery,92e6ef29c5eb156d584ec54c50ea42c4,60.06671062983155,1.1985599999999998,0.015366153846153844,78.0,2023-01-01 18:34:48.146205,"N:Residential1, T:Short",3374793b1c0d93cfcdfb0750a1342a59,6.81,
51,6.275,2023-01-02 07:55:00.000000,2023-01-02 08:01:20.752268,0 days 00:06:20.752268,Volvo XC40 with 78 kWh battery,92e6ef29c5eb156d584ec54c50ea42c4,59.32991574639462,1.1044,0.01415897435897436,78.0,2023-01-02 08:01:20.752268,"N:Residential1, T:Short",60cfe468dbcac46c1939892ef90e7583,6.275,
52,6.275,2023-01-02 18:31:00.000000,2023-01-02 18:37:12.173498,0 days 00:06:12.173498,Volvo XC40 with 78 kWh battery,92e6ef29c5eb156d584ec54c50ea42c4,60.69749753268478,1.1044,0.01415897435897436,78.0,2023-01-02 18:37:12.173498,"N:Residential1, T:Short",cd7e647eec76a8ea7851d26703c1b375,6.275,
53,6.35,2023-01-03 08:04:00.000000,2023-01-03 08:10:15.219411,0 days 00:06:15.219411,Volvo XC40 with 78 kWh battery,92e6ef29c5eb156d584ec54c50ea42c4,60.9243534457544,1.1176,0.014328205128205127,78.0,2023-01-03 08:10:15.219411,"N:Residential1, T:Short",ff03cc9877888ba83b08b1b228ca1eb9,6.35,
54,6.35,2023-01-03 18:26:00.000000,2023-01-03 18:32:26.007859,0 days 00:06:26.007859,Volvo XC40 with 78 kWh battery,92e6ef29c5eb156d584ec54c50ea42c4,59.22159211595287,1.1176,0.014328205128205127,78.0,2023-01-03 18:32:26.007859,"N:Residential1, T:Short",3d20306b5f2b0b26aa1330da378b2e7c,6.35,
55,6.705,2023-01-04 08:01:00.000000,2023-01-04 08:07:38.680068,0 days 00:06:38.680068,Volvo XC40 with 78 kWh battery,92e6ef29c5eb156d584ec54c50ea42c4,60.54478755265816,1.18008,0.01512923076923077,78.0,2023-01-04 08:07:38.680068,"N:Residential1, T:Short",aaae619429c406c9d9684b357e903c59,6.705,
56,6.705,2023-01-04 18:25:00.000000,2023-01-04 18:31:38.867104,0 days 00:06:38.867104,Volvo XC40 with 78 kWh battery,92e6ef29c5eb156d584ec54c50ea42c4,60.516396928361864,1.18008,0.01512923076923077,78.0,2023-01-04 18:31:38.867104,"N:Residential1, T:Short",48fb6208b82c5b19e69355f997666ebc,6.705,
57,6.57,2023-01-05 08:02:00.000000,2023-01-05 08:08:30.350752,0 days 00:06:30.350752,Volvo XC40 with 78 kWh battery,92e6ef29c5eb156d584ec54c50ea42c4,60.59165993310195,1.15632,0.014824615384615384,78.0,2023-01-05 08:08:30.350752,"N:Residential1, T:Short",c7e5e40e71290865b2c6d7988c5e6d5e,6.57,
58,6.57,2023-01-05 18:24:00.000000,2023-01-05 18:30:28.095977,0 days 00:06:28.095977,Volvo XC40 with 78 kWh battery,92e6ef29c5eb156d584ec54c50ea42c4,60.943687696616266,1.15632,0.014824615384615384,78.0,2023-01-05 18:30:28.095977,"N:Residential1, T:Short",5d3a99da0391d749dff41f5aa3488052,6.57,
59,6.43,2023-01-06 07:54:00.000000,2023-01-06 08:00:25.444549,0 days 00:06:25.444549,Volvo XC40 with 78 kWh battery,92e6ef29c5eb156d584ec54c50ea42c4,60.055331001326955,1.1316799999999998,0.014508717948717945,78.0,2023-01-06 08:00:25.444549,"N:Residential1, T:Short",620392bde7eef5e7aac556c97677721b,6.43,
60,6.43,2023-01-06 18:31:00.000000,2023-01-06 18:37:28.268422,0 days 00:06:28.268422,Volvo XC40 with 78 kWh battery,92e6ef29c5eb156d584ec54c50ea42c4,59.618549076720754,1.1316799999999998,0.014508717948717945,78.0,2023-01-06 18:37:28.268422,"N:Residential1, T:Short",fde55582157e7df7c3bb0dd0c08a763e,6.43,
61,6.765,2023-01-07 08:01:00.000000,2023-01-07 08:07:47.225906,0 days 00:06:47.225906,Volvo XC40 with 78 kWh battery,92e6ef29c5eb156d584ec54c50ea42c4,59.80464315650697,1.19064,0.015264615384615383,78.0,2023-01-07 08:07:47.225906,"N:Residential1, T:Short",169fd6b8aff58982fb3b2ce5ce2b4c8c,6.765,
62,6.765,2023-01-07 18:24:00.000000,2023-01-07 18:30:45.387971,0 days 00:06:45.387971,Volvo XC40 with 78 kWh battery,92e6ef29c5eb156d584ec54c50ea42c4,60.075783589802,1.19064,0.015264615384615383,78.0,2023-01-07 18:30:45.387971,"N:Residential1, T:Short",eb724b90b73921e8e676e8e398d9b516,6.765,
63,6.235,2023-01-01 08:02:00.000000,2023-01-01 08:08:18.349445,0 days 00:06:18.349445,Jaguar I-Pace with 85 kWh battery,938f52be04630e0cb449148a6d07093c,59.326107846597694,1.3717000000000001,0.01613764705882353,85.0,2023-01-01 08:08:18.349445,"N:Residential1, T:Short",40721707d5d9cc3d73f312a49fac8722,6.235,
64,6.235,2023-01-01 18:35:00.000000,2023-01-01 18:41:17.037226,0 days 00:06:17.037226,Jaguar I-Pace with 85 kWh battery,938f52be04630e0cb449148a6d07093c,59.53258315146865,1.3717000000000001,0.01613764705882353,85.0,2023-01-01 18:41:17.037226,"N:Residential1, T:Short",41f148c867cbf7f651e41fa3bbad8ca8,6.235,
65,6.445,2023-01-02 08:05:00.000000,2023-01-02 08:11:26.992895,0 days 00:06:26.992895,Jaguar I-Pace with 85 kWh battery,938f52be04630e0cb449148a6d07093c,59.954589153412925,1.4179000000000002,0.016681176470588237,85.0,2023-01-02 08:11:26.992895,"N:Residential1, T:Short",5274b12579e0f244695bd2885ca44203,6.445,
66,6.445,2023-01-02 18:29:00.000000,2023-01-02 18:35:28.557975,0 days 00:06:28.557975,Jaguar I-Pace with 85 kWh battery,938f52be04630e0cb449148a6d07093c,59.71309691055793,1.4179000000000002,0.016681176470588237,85.0,2023-01-02 18:35:28.557975,"N:Residential1, T:Short",d68862e535cf18ec39d4f6357af7150b,6.445,
67,6.48,2023-01-03 07:56:00.000000,2023-01-03 08:02:29.169420,0 days 00:06:29.169420,Jaguar I-Pace with 85 kWh battery,938f52be04630e0cb449148a6d07093c,59.94304491410155,1.4256000000000002,0.016771764705882354,85.0,2023-01-03 08:02:29.169420,"N:Residential1, T:Short",df7694e22b049d1f9d7f90f867e83e83,6.48,
68,6.48,2023-01-03 18:25:00.000000,2023-01-03 18:31:27.763776,0 days 00:06:27.763776,Jaguar I-Pace with 85 kWh battery,938f52be04630e0cb449148a6d07093c,60.16033849950278,1.4256000000000002,0.016771764705882354,85.0,2023-01-03 18:31:27.763776,"N:Residential1, T:Short",95db1d0c18676c41d0763dee6d7cee65,6.48,
69,6.625,2023-01-04 07:59:00.000000,2023-01-04 08:05:37.630145,0 days 00:06:37.630145,Jaguar I-Pace with 85 kWh battery,938f52be04630e0cb449148a6d07093c,59.98036186448169,1.4575,0.01714705882352941,85.0,2023-01-04 08:05:37.630145,"N:Residential1, T:Short",b2e127fb525235671fb9e725fcead88e,6.625,
70,6.625,2023-01-04 18:34:00.000000,2023-01-04 18:40:37.476425,0 days 00:06:37.476425,Jaguar I-Pace with 85 kWh battery,938f52be04630e0cb449148a6d07093c,60.003558671429516,1.4575,0.01714705882352941,85.0,2023-01-04 18:40:37.476425,"N:Residential1, T:Short",38f1ccf0871048a4a11e0283fadbf892,6.625,
71,6.51,2023-01-05 08:03:00.000000,2023-01-05 08:09:35.961984,0 days 00:06:35.961984,Jaguar I-Pace with 85 kWh battery,938f52be04630e0cb449148a6d07093c,59.18750012166612,1.4322,0.01684941176470588,85.0,2023-01-05 08:09:35.961984,"N:Residential1, T:Short",1c9056219e3f373cb4ecf6b77f269039,6.51,
72,6.51,2023-01-05 18:30:00.000000,2023-01-05 18:36:27.613405,0 days 00:06:27.613405,Jaguar I-Pace with 85 kWh battery,938f52be04630e0cb449148a6d07093c,60.46230523041425,1.4322,0.01684941176470588,85.0,2023-01-05 18:36:27.613405,"N:Residential1, T:Short",e75e12304468ca6b9ae63957682f05c4,6.51,
73,6.625,2023-01-06 08:02:00.000000,2023-01-06 08:08:41.509622,0 days 00:06:41.509622,Jaguar I-Pace with 85 kWh battery,938f52be04630e0cb449148a6d07093c,59.40081799662499,1.4575,0.01714705882352941,85.0,2023-01-06 08:08:41.509622,"N:Residential1, T:Short",53068f7617c6d7b6a8f8e9e79d085cf0,6.625,
74,6.625,2023-01-06 18:28:00.000000,2023-01-06 18:34:35.815628,0 days 00:06:35.815628,Jaguar I-Pace with 85 kWh battery,938f52be04630e0cb449148a6d07093c,60.25532678395144,1.4575,0.01714705882352941,85.0,2023-01-06 18:34:35.815628,"N:Residential1, T:Short",55c671e1ff2068b33685ff64b21d75c4,6.625,
75,6.53,2023-01-07 07:56:00.000000,2023-01-07 08:02:35.290743,0 days 00:06:35.290743,Jaguar I-Pace with 85 kWh battery,938f52be04630e0cb449148a6d07093c,59.47015057100613,1.4366,0.016901176470588235,85.0,2023-01-07 08:02:35.290743,"N:Residential1, T:Short",7af60aba38f0d166b88ab2596e26eda8,6.53,
76,6.53,2023-01-07 18:28:00.000000,2023-01-07 18:34:37.145792,0 days 00:06:37.145792,Jaguar I-Pace with 85 kWh battery,938f52be04630e0cb449148a6d07093c,59.192368380450716,1.4366,0.016901176470588235,85.0,2023-01-07 18:34:37.145792,"N:Residential1, T:Short",f43b80560567cd4a775a85af5f530f1c,6.53,
77,167.29,2023-01-01 08:05:00.000000,2023-01-01 09:45:29.992228,0 days 01:40:29.992228,Tesla Model 3 with 95 kWh battery,e55ef27688137f7c33879909f4f41b78,99.87475559446483,30.112199999999998,0.3169705263157894,95.0,2023-01-01 09:45:29.992228,"N:Residential4, T:Long",5f3025c9fd595ddfbe4942d22bb8321c,167.29,
78,121.05,2023-01-01 18:32:00.000000,2023-01-01 19:45:03.897582,0 days 01:13:03.897582,Tesla Model 3 with 95 kWh battery,e55ef27688137f7c33879909f4f41b78,99.4046945353469,21.788999999999998,0.2293578947368421,95.0,2023-01-01 19:45:03.897582,"N:Residential4, T:Long",f70c444bf2cbd8f1e490cb3284681d95,,121.05
79,46.239999999999995,2023-01-01 21:22:13.337582,2023-01-01 21:50:07.946621,0 days 00:27:54.609039,Tesla Model 3 with 95 kWh battery,e55ef27688137f7c33879909f4f41b78,99.4046945353469,8.323199999999998,0.08761263157894734,95.0,2023-01-01 21:50:07.946621,"N:Residential4, T:Long",f70c444bf2cbd8f1e490cb3284681d95,,46.239999999999995
80,165.98,2023-01-02 07:57:00.000000,2023-01-02 09:36:36.151692,0 days 01:39:36.151692,Tesla Model 3 with 95 kWh battery,e55ef27688137f7c33879909f4f41b78,99.98541382545469,29.876399999999997,0.31448842105263153,95.0,2023-01-02 09:36:36.151692,"N:Residential4, T:Long",d752f93bdb25b935f7b72c36dc73d5fc,165.98,
81,165.98,2023-01-02 18:26:00.000000,2023-01-02 20:06:06.549995,0 days 01:40:06.549995,Tesla Model 3 with 95 kWh battery,e55ef27688137f7c33879909f4f41b78,99.47940173164724,29.876399999999997,0.31448842105263153,95.0,2023-01-02 20:06:06.549995,"N:Residential4, T:Long",1b95f672c973e1365d8193dc756fc4c9,165.98,
82,165.11,2023-01-03 08:04:00.000000,2023-01-03 09:42:13.948289,0 days 01:38:13.948289,Tesla Model 3 with 95 kWh battery,e55ef27688137f7c33879909f4f41b78,100.84852646016063,29.719800000000003,0.31284,95.0,2023-01-03 09:42:13.948289,"N:Residential4, T:Long",27b0e006b89ed26dff6644d5cf957135,165.11,
83,165.11,2023-01-03 18:33:00.000000,2023-01-03 20:12:28.252526,0 days 01:39:28.252526,Tesla Model 3 with 95 kWh battery,e55ef27688137f7c33879909f4f41b78,99.59297086802086,29.719800000000003,0.31284,95.0,2023-01-03 20:12:28.252526,"N:Residential4, T:Long",def38f7c148cd18d75013209875d5e62,165.11,
84,162.005,2023-01-04 07:56:00.000000,2023-01-04 09:33:01.165642,0 days 01:37:01.165642,Tesla Model 3 with 95 kWh battery,e55ef27688137f7c33879909f4f41b78,100.18921224584011,29.160899999999998,0.30695684210526314,95.0,2023-01-04 09:33:01.165642,"N:Residential4, T:Long",dd5c90917058df270ccb5d914870a36e,162.005,
85,162.005,2023-01-04 18:29:00.000000,2023-01-04 20:07:07.442300,0 days 01:38:07.442300,Tesla Model 3 with 95 kWh battery,e55ef27688137f7c33879909f4f41b78,99.06135301409158,29.160899999999998,0.30695684210526314,95.0,2023-01-04 20:07:07.442300,"N:Residential4, T:Long",6be740621993acbda09dbd1bba886dab,162.005,
86,173.66,2023-01-05 07:55:00.000000,2023-01-05 09:39:28.735162,0 days 01:44:28.735162,Tesla Model 3 with 95 kWh battery,e55ef27688137f7c33879909f4f41b78,99.72920913749088,31.258799999999997,0.32903999999999994,95.0,2023-01-05 09:39:28.735162,"N:Residential4, T:Long",4cc72836bb899f3d8c85b6bd4d3b8e70,173.66,
87,158.38,2023-01-05 18:25:00.000000,2023-01-05 20:00:50.447247,0 days 01:35:50.447247,Tesla Model 3 with 95 kWh battery,e55ef27688137f7c33879909f4f41b78,99.15193992330798,28.508399999999998,0.30008842105263156,95.0,2023-01-05 20:00:50.447247,"N:Residential4, T:Long",e15c4623cfa473f01bedda8e4e2d476b,,158.38
88,15.280000000000001,2023-01-05 21:38:59.663035,2023-01-05 21:48:14.447944,0 days 00:09:14.784909,Tesla Model 3 with 95 kWh battery,e55ef27688137f7c33879909f4f41b78,99.15193992330798,2.7504,0.028951578947368422,95.0,2023-01-05 21:48:14.447944,"N:Residential4, T:Long",e15c4623cfa473f01bedda8e4e2d476b,,15.280000000000001
89,170.74,2023-01-06 07:54:00.000000,2023-01-06 09:35:45.208236,0 days 01:41:45.208236,Tesla Model 3 with 95 kWh battery,e55ef27688137f7c33879909f4f41b78,100.67862983021485,30.7332,0.32350736842105265,95.0,2023-01-06 09:35:45.208236,"N:Residential4, T:Long",07b315a62e1c39f9234626656e3336c8,170.74,
90,170.74,2023-01-06 18:34:00.000000,2023-01-06 20:15:50.862405,0 days 01:41:50.862405,Tesla Model 3 with 95 kWh battery,e55ef27688137f7c33879909f4f41b78,100.58547537783323,30.7332,0.32350736842105265,95.0,2023-01-06 20:15:50.862405,"N:Residential4, T:Long",0b6d888cc3ccb9893469664e070f9055,170.74,
91,173.955,2023-01-07 08:01:00.000000,2023-01-07 09:45:38.792361,0 days 01:44:38.792361,Tesla Model 3 with 95 kWh battery,e55ef27688137f7c33879909f4f41b78,99.73860640875701,31.3119,0.32959894736842105,95.0,2023-01-07 09:45:38.792361,"N:Residential4, T:Long",89088c0132913b0476d0ba215ac2f822,173.955,
92,160.09,2023-01-07 18:24:00.000000,2023-01-07 20:00:21.389783,0 days 01:36:21.389783,Tesla Model 3 with 95 kWh battery,e55ef27688137f7c33879909f4f41b78,99.68606540486674,28.8162,0.3033284210526316,95.0,2023-01-07 20:00:21.389783,"N:Residential4, T:Long",27f5372b759573adc1f93fb1d6bf0748,,160.09
93,13.865000000000009,2023-01-07 21:38:33.311185,2023-01-07 21:46:54.023093,0 days 00:08:20.711908,Tesla Model 3 with 95 kWh battery,e55ef27688137f7c33879909f4f41b78,99.68606540486674,2.4957000000000016,0.02627052631578949,95.0,2023-01-07 21:46:54.023093,"N:Residential4, T:Long",27f5372b759573adc1f93fb1d6bf0748,,13.865000000000009
94,27.865,2023-01-01 04:57:00.000000,2023-01-01 05:17:39.682348,0 days 00:20:39.682348,Jaguar I-Pace with 85 kWh battery,2431cd540cd7ec7e8491f0e6a2f53223,80.9191162473267,6.1303,0.07212117647058823,85.0,2023-01-01 05:17:39.682348,"N:Residential2, T:Medium",31f8cebfd7cd72d162f521c82ffae7d8,27.865,
95,27.865,2023-01-01 18:28:00.000000,2023-01-01 18:48:45.517234,0 days 00:20:45.517234,Jaguar I-Pace with 85 kWh battery,2431cd540cd7ec7e8491f0e6a2f53223,80.54003371144658,6.1303,0.07212117647058823,85.0,2023-01-01 18:48:45.517234,"N:Residential2, T:Medium",5464ca6bbbbb7de56145216d9e7a8c75,27.865,
96,27.935,2023-01-02 04:59:00.000000,2023-01-02 05:20:10.779278,0 days 00:21:10.779278,Jaguar I-Pace with 85 kWh battery,2431cd540cd7ec7e8491f0e6a2f53223,79.13726774836636,6.1457,0.07230235294117647,85.0,2023-01-02 05:20:10.779278,"N:Residential2, T:Medium",7e533738c5a280835522fa171c8ec7a8,27.935,
97,27.935,2023-01-02 18:29:00.000000,2023-01-02 18:49:53.850012,0 days 00:20:53.850012,Jaguar I-Pace with 85 kWh battery,2431cd540cd7ec7e8491f0e6a2f53223,80.20576549859912,6.1457,0.07230235294117647,85.0,2023-01-02 18:49:53.850012,"N:Residential2, T:Medium",20db44479203228bbe4b20875f63f442,27.935,
98,26.015,2023-01-03 04:55:00.000000,2023-01-03 05:14:18.762625,0 days 00:19:18.762625,Jaguar I-Pace with 85 kWh battery,2431cd540cd7ec7e8491f0e6a2f53223,80.82242037039705,5.7233,0.0673329411764706,85.0,2023-01-03 05:14:18.762625,"N:Residential2, T:Medium",6226e26d6060ad75826c3d1279ac5bac,26.015,
99,26.015,2023-01-03 18:24:00.000000,2023-01-03 18:43:23.668649,0 days 00:19:23.668649,Jaguar I-Pace with 85 kWh battery,2431cd540cd7ec7e8491f0e6a2f53223,80.4816732610932,5.7233,0.0673329411764706,85.0,2023-01-03 18:43:23.668649,"N:Residential2, T:Medium",ad5f3edeb6442ed17b501ff463f625e5,26.015,
100,28.39,2023-01-04 05:05:00.000000,2023-01-04 05:26:22.128087,0 days 00:21:22.128087,Jaguar I-Pace with 85 kWh battery,2431cd540cd7ec7e8491f0e6a2f53223,79.71434448470382,6.2458,0.07348,85.0,2023-01-04 05:26:22.128087,"N:Residential2, T:Medium",2bdc8f6e8f585db2a2d0431d6b14ca90,28.39,
101,28.39,2023-01-04 18:28:00.000000,2023-01-04 18:49:22.217452,0 days 00:21:22.217452,Jaguar I-Pace with 85 kWh battery,2431cd540cd7ec7e8491f0e6a2f53223,79.7087887516005,6.2458,0.07348,85.0,2023-01-04 18:49:22.217452,"N:Residential2, T:Medium",42ae780d72252803dd6561b097ac6b31,28.39,
102,28.545,2023-01-05 04:59:00.000000,2023-01-05 05:20:30.063641,0 days 00:21:30.063641,Jaguar I-Pace with 85 kWh battery,2431cd540cd7ec7e8491f0e6a2f53223,79.65653531116718,6.2799000000000005,0.07388117647058824,85.0,2023-01-05 05:20:30.063641,"N:Residential2, T:Medium",b8576e90c5a05b51b0fa5dd3fccd3828,28.545,
103,28.545,2023-01-05 18:30:00.000000,2023-01-05 18:51:21.720573,0 days 00:21:21.720573,Jaguar I-Pace with 85 kWh battery,2431cd540cd7ec7e8491f0e6a2f53223,80.17504141829313,6.2799000000000005,0.07388117647058824,85.0,2023-01-05 18:51:21.720573,"N:Residential2, T:Medium",af90b71cb43c13dd3153fd912c6aecf5,28.545,
104,27.625,2023-01-06 04:58:00.000000,2023-01-06 05:18:44.503894,0 days 00:20:44.503894,Jaguar I-Pace with 85 kWh battery,2431cd540cd7ec7e8491f0e6a2f53223,79.91136107050316,6.0775,0.0715,85.0,2023-01-06 05:18:44.503894,"N:Residential2, T:Medium",0c472056e0b76fcb47f32412205875fc,27.625,
105,27.625,2023-01-06 18:35:00.000000,2023-01-06 18:55:42.700580,0 days 00:20:42.700580,Jaguar I-Pace with 85 kWh battery,2431cd540cd7ec7e8491f0e6a2f53223,80.02732243015778,6.0775,0.0715,85.0,2023-01-06 18:55:42.700580,"N:Residential2, T:Medium",f110070eef6de21cd4ba37475943ad07,27.625,
106,27.765,2023-01-07 04:58:00.000000,2023-01-07 05:18:38.385427,0 days 00:20:38.385427,Jaguar I-Pace with 85 kWh battery,2431cd540cd7ec7e8491f0e6a2f53223,80.71315913264779,6.1083,0.07186235294117647,85.0,2023-01-07 05:18:38.385427,"N:Residential2, T:Medium",1e0bf1fbfa7a05d9079c330ea21e833c,27.765,
107,27.765,2023-01-07 18:30:00.000000,2023-01-07 18:50:39.916988,0 days 00:20:39.916988,Jaguar I-Pace with 85 kWh battery,2431cd540cd7ec7e8491f0e6a2f53223,80.61346121333102,6.1083,0.07186235294117647,85.0,2023-01-07 18:50:39.916988,"N:Residential2, T:Medium",32ca1ddb5b6ff96136276441e50227ef,27.765,
108,15.185,2023-01-01 05:05:00.000000,2023-01-01 05:20:14.050565,0 days 00:15:14.050565,Jaguar I-Pace with 85 kWh battery,4563146b787f6f6a509de456a4f18b5d,59.80631938901257,3.3407,0.03930235294117647,85.0,2023-01-01 05:20:14.050565,"N:Residential2, T:Medium",2aada4c9577952881f73b227f332aa0f,15.185,
109,15.185,2023-01-01 18:33:00.000000,2023-01-01 18:48:23.670922,0 days 00:15:23.670922,Jaguar I-Pace with 85 kWh battery,4563146b787f6f6a509de456a4f18b5d,59.183415513246544,3.3407,0.03930235294117647,85.0,2023-01-01 18:48:23.670922,"N:Residential2, T:Medium",815cf742553ab5f21deee44bc74c005e,15.185,
110,15.09,2023-01-02 04:57:00.000000,2023-01-02 05:11:51.120256,0 days 00:14:51.120256,Jaguar I-Pace with 85 kWh battery,4563146b787f6f6a509de456a4f18b5d,60.961469161897064,3.3198,0.03905647058823529,85.0,2023-01-02 05:11:51.120256,"N:Residential2, T:Medium",8b16478affc208d36515238372ae8e47,15.09,
111,15.09,2023-01-02 18:35:00.000000,2023-01-02 18:49:56.462204,0 days 00:14:56.462204,Jaguar I-Pace with 85 kWh battery,4563146b787f6f6a509de456a4f18b5d,60.59820452107263,3.3198,0.03905647058823529,85.0,2023-01-02 18:49:56.462204,"N:Residential2, T:Medium",ebe8200381383d981aaa357e1017ac85,15.09,
112,15.185,2023-01-03 05:03:00.000000,2023-01-03 05:18:15.193640,0 days 00:15:15.193640,Jaguar I-Pace with 85 kWh battery,4563146b787f6f6a509de456a4f18b5d,59.73162139519307,3.3407,0.03930235294117647,85.0,2023-01-03 05:18:15.193640,"N:Residential2, T:Medium",37d2ed88dbcf5a9369ddc3833a555a6e,15.185,
113,15.185,2023-01-03 18:33:00.000000,2023-01-03 18:48:09.803286,0 days 00:15:09.803286,Jaguar I-Pace with 85 kWh battery,4563146b787f6f6a509de456a4f18b5d,60.08551608589939,3.3407,0.03930235294117647,85.0,2023-01-03 18:48:09.803286,"N:Residential2, T:Medium",b8f481a85534ba3b8e1325dec31ae7cc,15.185,
114,16.16,2023-01-04 05:01:00.000000,2023-01-04 05:16:58.879884,0 days 00:15:58.879884,Jaguar I-Pace with 85 kWh battery,4563146b787f6f6a509de456a4f18b5d,60.670789908270194,3.5552,0.04182588235294118,85.0,2023-01-04 05:16:58.879884,"N:Residential2, T:Medium",4f07fe61f59e46b934ccb270e48dad01,16.16,
115,16.16,2023-01-04 18:27:00.000000,2023-01-04 18:43:00.530469,0 days 00:16:00.530469,Jaguar I-Pace with 85 kWh battery,4563146b787f6f6a509de456a4f18b5d,60.566532639698,3.5552,0.04182588235294118,85.0,2023-01-04 18:43:00.530469,"N:Residential2, T:Medium",fe854d78a80c216bc542368e7835fb5e,16.16,
116,14.875,2023-01-05 04:54:00.000000,2023-01-05 05:09:04.995457,0 days 00:15:04.995457,Jaguar I-Pace with 85 kWh battery,4563146b787f6f6a509de456a4f18b5d,59.17156772761879,3.2725,0.0385,85.0,2023-01-05 05:09:04.995457,"N:Residential2, T:Medium",f1c5603da4772a5528c3cc12c880d38d,14.875,
117,14.875,2023-01-05 18:24:00.000000,2023-01-05 18:39:02.457982,0 days 00:15:02.457982,Jaguar I-Pace with 85 kWh battery,4563146b787f6f6a509de456a4f18b5d,59.33794264485577,3.2725,0.0385,85.0,2023-01-05 18:39:02.457982,"N:Residential2, T:Medium",7716ba6e1d9569e426ba1f4e95cb1769,14.875,
118,15.505,2023-01-06 04:57:00.000000,2023-01-06 05:12:31.980082,0 days 00:15:31.980082,Jaguar I-Pace with 85 kWh battery,4563146b787f6f6a509de456a4f18b5d,59.891837899996474,3.4111000000000002,0.04013058823529412,85.0,2023-01-06 05:12:31.980082,"N:Residential2, T:Medium",ef36f10febac8f104b1d3f1104a130ff,15.505,
119,15.505,2023-01-06 18:26:00.000000,2023-01-06 18:41:27.475460,0 days 00:15:27.475460,Jaguar I-Pace with 85 kWh battery,4563146b787f6f6a509de456a4f18b5d,60.1827244312011,3.4111000000000002,0.04013058823529412,85.0,2023-01-06 18:41:27.475460,"N:Residential2, T:Medium",7190b0f150f3c844cc6f5422389dc670,15.505,
120,15.7,2023-01-07 04:54:00.000000,2023-01-07 05:09:42.836028,0 days 00:15:42.836028,Jaguar I-Pace with 85 kWh battery,4563146b787f6f6a509de456a4f18b5d,59.946797046889735,3.4539999999999997,0.040635294117647054,85.0,2023-01-07 05:09:42.836028,"N:Residential2, T:Medium",f6279abb319be888604da060844094a6,15.7,
121,15.7,2023-01-07 18:29:00.000000,2023-01-07 18:44:36.529145,0 days 00:15:36.529145,Jaguar I-Pace with 85 kWh battery,4563146b787f6f6a509de456a4f18b5d,60.35049770988431,3.4539999999999997,0.040635294117647054,85.0,2023-01-07 18:44:36.529145,"N:Residential2, T:Medium",94a4880dea4dc395cbd022ecdda78a19,15.7,
122,57.22,2023-01-01 08:03:00.000000,2023-01-01 08:37:24.090338,0 days 00:34:24.090338,Mercedes E300 with 13.5 kWh battery,36aa45650919461a8c397b1f607852e1,99.7979575669385,10.2996,0.7629333333333334,13.5,2023-01-01 08:37:24.090338,"N:Residential4, T:Long",2465a05612a0e7426d9532a1adc657fc,,57.22
123,8.075000000000003,2023-01-01 08:53:12.010338,2023-01-01 08:58:03.298864,0 days 00:04:51.288526,Mercedes E300 with 13.5 kWh battery,36aa45650919461a8c397b1f607852e1,99.7979575669385,1.4535000000000005,0.1076666666666667,13.5,2023-01-01 08:58:03.298864,"N:Residential4, T:Long",2465a05612a0e7426d9532a1adc657fc,,8.075000000000003
124,57.91,2023-01-01 18:26:00.000000,2023-01-01 19:00:33.595922,0 days 00:34:33.595922,Mercedes E300 with 13.5 kWh battery,36aa45650919461a8c397b1f607852e1,100.53839215061718,10.423799999999998,0.7721333333333332,13.5,2023-01-01 19:00:33.595922,"N:Residential4, T:Long",acfc6fd7376cd96fb6a10b0ebbf69ad5,,57.91
125,7.385000000000005,2023-01-01 19:16:22.555122,2023-01-01 19:20:46.991418,0 days 00:04:24.436296,Mercedes E300 with 13.5 kWh battery,36aa45650919461a8c397b1f607852e1,100.53839215061718,1.3293000000000008,0.09846666666666673,13.5,2023-01-01 19:20:46.991418,"N:Residential4, T:Long",acfc6fd7376cd96fb6a10b0ebbf69ad5,,7.385000000000005
126,59.32,2023-01-02 08:02:00.000000,2023-01-02 08:37:53.217428,0 days 00:35:53.217428,Mercedes E300 with 13.5 kWh battery,36aa45650919461a8c397b1f607852e1,99.17809378626596,10.6776,0.7909333333333334,13.5,2023-01-02 08:37:53.217428,"N:Residential4, T:Long",10961a4fdf83cc20e18cec145d0a7f8d,,59.32
127,3.450000000000003,2023-01-02 08:53:44.467987,2023-01-02 08:55:49.697254,0 days 00:02:05.229267,Mercedes E300 with 13.5 kWh battery,36aa45650919461a8c397b1f607852e1,99.17809378626596,0.6210000000000004,0.046000000000000034,13.5,2023-01-02 08:55:49.697254,"N:Residential4, T:Long",10961a4fdf83cc20e18cec145d0a7f8d,,3.450000000000003
128,58.42,2023-01-02 18:25:00.000000,2023-01-02 18:59:45.326488,0 days 00:34:45.326488,Mercedes E300 with 13.5 kWh battery,36aa45650919461a8c397b1f607852e1,100.85327225583707,10.5156,0.7789333333333333,13.5,2023-01-02 18:59:45.326488,"N:Residential4, T:Long",d87974915a90b883365ba4c297e01b5d,,58.42
129,4.350000000000001,2023-01-02 19:15:35.078994,2023-01-02 19:18:10.354075,0 days 00:02:35.275081,Mercedes E300 with 13.5 kWh battery,36aa45650919461a8c397b1f607852e1,100.85327225583707,0.7830000000000003,0.05800000000000002,13.5,2023-01-02 19:18:10.354075,"N:Residential4, T:Long",d87974915a90b883365ba4c297e01b5d,,4.350000000000001
130,59.35,2023-01-03 08:03:00.000000,2023-01-03 08:38:27.559023,0 days 00:35:27.559023,Mercedes E300 with 13.5 kWh battery,36aa45650919461a8c397b1f607852e1,100.42494599818784,10.683,0.7913333333333333,13.5,2023-01-03 08:38:27.559023,"N:Residential4, T:Long",c656bc4ce9d997a0113d1b3f7171b076,,59.35
131,0.7749999999999986,2023-01-03 08:54:18.804776,2023-01-03 08:54:46.586718,0 days 00:00:27.781942,Mercedes E300 with 13.5 kWh battery,36aa45650919461a8c397b1f607852e1,100.42494599818784,0.13949999999999974,0.010333333333333314,13.5,2023-01-03 08:54:46.586718,"N:Residential4, T:Long",c656bc4ce9d997a0113d1b3f7171b076,,0.7749999999999986
132,58.72,2023-01-03 18:26:00.000000,2023-01-03 19:00:54.393755,0 days 00:34:54.393755,Mercedes E300 with 13.5 kWh battery,36aa45650919461a8c397b1f607852e1,100.93231011068451,10.5696,0.7829333333333333,13.5,2023-01-03 19:00:54.393755,"N:Residential4, T:Long",21cd9726480725a6c4724d5da95937c7,,58.72
133,1.4050000000000011,2023-01-03 19:16:44.666213,2023-01-03 19:17:34.779006,0 days 00:00:50.112793,Mercedes E300 with 13.5 kWh battery,36aa45650919461a8c397b1f607852e1,100.93231011068451,0.2529000000000002,0.01873333333333335,13.5,2023-01-03 19:17:34.779006,"N:Residential4, T:Long",21cd9726480725a6c4724d5da95937c7,,1.4050000000000011
134,59.38,2023-01-04 08:01:00.000000,2023-01-04 08:36:20.839690,0 days 00:35:20.839690,Mercedes E300 with 13.5 kWh battery,36aa45650919461a8c397b1f607852e1,100.79403976062274,10.6884,0.7917333333333333,13.5,2023-01-04 08:36:20.839690,"N:Residential4, T:Long",31a5279277333c37bbb9554996fb7e7b,,59.38
135,6.399999999999999,2023-01-04 08:52:12.094762,2023-01-04 08:56:00.679707,0 days 00:03:48.584945,Mercedes E300 with 13.5 kWh battery,36aa45650919461a8c397b1f607852e1,100.79403976062274,1.1519999999999997,0.08533333333333332,13.5,2023-01-04 08:56:00.679707,"N:Residential4, T:Long",31a5279277333c37bbb9554996fb7e7b,,6.399999999999999
136,58.09,2023-01-04 18:24:00.000000,2023-01-04 18:58:46.468581,0 days 00:34:46.468581,Mercedes E300 with 13.5 kWh battery,36aa45650919461a8c397b1f607852e1,100.22868394517275,10.4562,0.7745333333333334,13.5,2023-01-04 18:58:46.468581,"N:Residential4, T:Long",fe6ae3894128ce6a835011515ade2ef9,,58.09
137,7.689999999999998,2023-01-04 19:14:35.661132,2023-01-04 19:19:11.869488,0 days 00:04:36.208356,Mercedes E300 with 13.5 kWh battery,36aa45650919461a8c397b1f607852e1,100.22868394517275,1.3841999999999994,0.1025333333333333,13.5,2023-01-04 19:19:11.869488,"N:Residential4, T:Long",fe6ae3894128ce6a835011515ade2ef9,,7.689999999999998
138,59.31,2023-01-05 08:01:00.000000,2023-01-05 08:36:43.747363,0 days 00:35:43.747363,Mercedes E300 with 13.5 kWh battery,36aa45650919461a8c397b1f607852e1,99.599422818998,10.6758,0.7908000000000001,13.5,2023-01-05 08:36:43.747363,"N:Residential4, T:Long",3f133f940034bcb84773df9859abc3fe,,59.31
139,4.114999999999995,2023-01-05 08:52:34.886956,2023-01-05 08:55:03.622758,0 days 00:02:28.735802,Mercedes E300 with 13.5 kWh battery,36aa45650919461a8c397b1f607852e1,99.599422818998,0.740699999999999,0.05486666666666659,13.5,2023-01-05 08:55:03.622758,"N:Residential4, T:Long",3f133f940034bcb84773df9859abc3fe,,4.114999999999995
140,58.35,2023-01-05 18:28:00.000000,2023-01-05 19:03:15.160660,0 days 00:35:15.160660,Mercedes E300 with 13.5 kWh battery,36aa45650919461a8c397b1f607852e1,99.31160501289305,10.503,0.778,13.5,2023-01-05 19:03:15.160660,"N:Residential4, T:Long",e55c50ead9ca699e8a3e93cebce0033d,,58.35
141,5.074999999999996,2023-01-05 19:19:04.856056,2023-01-05 19:22:08.822472,0 days 00:03:03.966416,Mercedes E300 with 13.5 kWh battery,36aa45650919461a8c397b1f607852e1,99.31160501289305,0.9134999999999992,0.06766666666666661,13.5,2023-01-05 19:22:08.822472,"N:Residential4, T:Long",e55c50ead9ca699e8a3e93cebce0033d,,5.074999999999996
142,59.34,2023-01-06 07:55:00.000000,2023-01-06 08:30:21.700871,0 days 00:35:21.700871,Mercedes E300 with 13.5 kWh battery,36aa45650919461a8c397b1f607852e1,100.6852582109678,10.6812,0.7912,13.5,2023-01-06 08:30:21.700871,"N:Residential4, T:Long",6d38d667663903a3bf21acbfca0a6a71,,59.34
143,2.739999999999995,2023-01-06 08:46:12.902566,2023-01-06 08:47:50.871228,0 days 00:01:37.968662,Mercedes E300 with 13.5 kWh battery,36aa45650919461a8c397b1f607852e1,100.6852582109678,0.4931999999999991,0.036533333333333265,13.5,2023-01-06 08:47:50.871228,"N:Residential4, T:Long",6d38d667663903a3bf21acbfca0a6a71,,2.739999999999995
144,58.5,2023-01-06 18:25:00.000000,2023-01-06 18:59:57.487097,0 days 00:34:57.487097,Mercedes E300 with 13.5 kWh battery,36aa45650919461a8c397b1f607852e1,100.40586201899289,10.53,0.7799999999999999,13.5,2023-01-06 18:59:57.487097,"N:Residential4, T:Long",018e3790206610017a627544c05cbd21,,58.5
145,3.5799999999999983,2023-01-06 19:15:47.383114,2023-01-06 19:17:55.742153,0 days 00:02:08.359039,Mercedes E300 with 13.5 kWh battery,36aa45650919461a8c397b1f607852e1,100.40586201899289,0.6443999999999996,0.04773333333333331,13.5,2023-01-06 19:17:55.742153,"N:Residential4, T:Long",018e3790206610017a627544c05cbd21,,3.5799999999999983
146,59.36,2023-01-07 07:55:00.000000,2023-01-07 08:30:33.977793,0 days 00:35:33.977793,Mercedes E300 with 13.5 kWh battery,36aa45650919461a8c397b1f607852e1,100.13974873098014,10.6848,0.7914666666666667,13.5,2023-01-07 08:30:33.977793,"N:Residential4, T:Long",cb103e311204bda879cd2aa53c44c7f4,,59.36
147,5.734999999999999,2023-01-07 08:46:25.260489,2023-01-07 08:49:51.432366,0 days 00:03:26.171877,Mercedes E300 with 13.5 kWh battery,36aa45650919461a8c397b1f607852e1,100.13974873098014,1.0322999999999998,0.07646666666666666,13.5,2023-01-07 08:49:51.432366,"N:Residential4, T:Long",cb103e311204bda879cd2aa53c44c7f4,,5.734999999999999
148,58.17,2023-01-07 18:28:00.000000,2023-01-07 19:03:14.159362,0 days 00:35:14.159362,Mercedes E300 with 13.5 kWh battery,36aa45650919461a8c397b1f607852e1,99.05213569548881,10.4706,0.7756,13.5,2023-01-07 19:03:14.159362,"N:Residential4, T:Long",e50ac77faf9fcb215ec608ea033722ef,,58.17
149,6.924999999999997,2023-01-07 19:19:03.568189,2023-01-07 19:23:15.253827,0 days 00:04:11.685638,Mercedes E300 with 13.5 kWh battery,36aa45650919461a8c397b1f607852e1,99.05213569548881,1.2464999999999995,0.0923333333333333,13.5,2023-01-07 19:23:15.253827,"N:Residential4, T:Long",e50ac77faf9fcb215ec608ea033722ef,,6.924999999999997
150,60.69,2023-01-01 08:05:00.000000,2023-01-01 08:41:42.642560,0 days 00:36:42.642560,BMW 530e with 70.2 kWh battery,1edea7e1f7b0f8be4ab2de7c86e8bd81,99.19176356856707,9.7104,0.13832478632478631,70.2,2023-01-01 08:41:42.642560,"N:Residential4, T:Long",8a7d628934e9c943316f3fb6ccd5dad3,60.69,
151,60.69,2023-01-01 18:26:00.000000,2023-01-01 19:02:33.656904,0 days 00:36:33.656904,BMW 530e with 70.2 kWh battery,1edea7e1f7b0f8be4ab2de7c86e8bd81,99.59807278102436,9.7104,0.13832478632478631,70.2,2023-01-01 19:02:33.656904,"N:Residential4, T:Long",e6e9d7ecde1db2b2ef33fdeedae4970e,60.69,
152,62.325,2023-01-02 08:04:00.000000,2023-01-02 08:41:35.540572,0 days 00:37:35.540572,BMW 530e with 70.2 kWh battery,1edea7e1f7b0f8be4ab2de7c86e8bd81,99.4750450638347,9.972000000000001,0.14205128205128206,70.2,2023-01-02 08:41:35.540572,"N:Residential4, T:Long",0f5e3a29af6712f5918fbe1a13070f24,62.325,
153,62.325,2023-01-02 18:27:00.000000,2023-01-02 19:04:38.555088,0 days 00:37:38.555088,BMW 530e with 70.2 kWh battery,1edea7e1f7b0f8be4ab2de7c86e8bd81,99.34227469258468,9.972000000000001,0.14205128205128206,70.2,2023-01-02 19:04:38.555088,"N:Residential4, T:Long",975c2493e922aa198cdf15c756860f45,62.325,
154,63.345,2023-01-03 08:04:00.000000,2023-01-03 08:42:12.258449,0 days 00:38:12.258449,BMW 530e with 70.2 kWh battery,1edea7e1f7b0f8be4ab2de7c86e8bd81,99.48354651776926,10.1352,0.14437606837606837,70.2,2023-01-03 08:42:12.258449,"N:Residential4, T:Long",6a40e6533cd60c5e18c3298e86e02afa,63.345,
155,63.345,2023-01-03 18:32:00.000000,2023-01-03 19:09:53.643421,0 days 00:37:53.643421,BMW 530e with 70.2 kWh battery,1edea7e1f7b0f8be4ab2de7c86e8bd81,100.29804932056554,10.1352,0.14437606837606837,70.2,2023-01-03 19:09:53.643421,"N:Residential4, T:Long",07d0cde28657c1cfe7b03bfa151d2171,63.345,
156,63.365,2023-01-04 07:58:00.000000,2023-01-04 08:36:15.183245,0 days 00:38:15.183245,BMW 530e with 70.2 kWh battery,1edea7e1f7b0f8be4ab2de7c86e8bd81,99.38814276255953,10.1384,0.14442165242165242,70.2,2023-01-04 08:36:15.183245,"N:Residential4, T:Long",aa4b65bcbdc825c41e60ba5d37b93d66,63.365,
157,63.365,2023-01-04 18:29:00.000000,2023-01-04 19:07:00.362823,0 days 00:38:00.362823,BMW 530e with 70.2 kWh battery,1edea7e1f7b0f8be4ab2de7c86e8bd81,100.03408127711049,10.1384,0.14442165242165242,70.2,2023-01-04 19:07:00.362823,"N:Residential4, T:Long",50d0383c0f2d3b61c79be52b4bd3f6cd,63.365,
158,59.675,2023-01-05 08:04:00.000000,2023-01-05 08:39:54.654570,0 days 00:35:54.654570,BMW 530e with 70.2 kWh battery,1edea7e1f7b0f8be4ab2de7c86e8bd81,99.70507708841188,9.548,0.136011396011396,70.2,2023-01-05 08:39:54.654570,"N:Residential4, T:Long",06fdd1875f7b6bb5d1f279d8641935aa,59.675,
159,59.675,2023-01-05 18:24:00.000000,2023-01-05 19:00:03.031725,0 days 00:36:03.031725,BMW 530e with 70.2 kWh battery,1edea7e1f7b0f8be4ab2de7c86e8bd81,99.31893163123424,9.548,0.136011396011396,70.2,2023-01-05 19:00:03.031725,"N:Residential4, T:Long",8f2152b8cd15acf010435931f6000974,59.675,
160,65.375,2023-01-06 07:55:00.000000,2023-01-06 08:33:55.276324,0 days 00:38:55.276324,BMW 530e with 70.2 kWh battery,1edea7e1f7b0f8be4ab2de7c86e8bd81,100.7803648671876,10.46,0.14900284900284902,70.2,2023-01-06 08:33:55.276324,"N:Residential4, T:Long",b9f4b9bd420a6b02d574ea03f66785ab,65.375,
161,65.375,2023-01-06 18:26:00.000000,2023-01-06 19:04:55.729695,0 days 00:38:55.729695,BMW 530e with 70.2 kWh battery,1edea7e1f7b0f8be4ab2de7c86e8bd81,100.76080313461519,10.46,0.14900284900284902,70.2,2023-01-06 19:04:55.729695,"N:Residential4, T:Long",94954bfb3cf101dcbdfe0369031ce86b,65.375,
162,62.58,2023-01-07 08:02:00.000000,2023-01-07 08:39:41.082944,0 days 00:37:41.082944,BMW 530e with 70.2 kWh battery,1edea7e1f7b0f8be4ab2de7c86e8bd81,99.6372117287162,10.0128,0.14263247863247863,70.2,2023-01-07 08:39:41.082944,"N:Residential4, T:Long",add829ea2bdc13a4b7bb026d53812905,62.58,
163,62.58,2023-01-07 18:34:00.000000,2023-01-07 19:11:15.140493,0 days 00:37:15.140493,BMW 530e with 70.2 kWh battery,1edea7e1f7b0f8be4ab2de7c86e8bd81,100.79366406663482,10.0128,0.14263247863247863,70.2,2023-01-07 19:11:15.140493,"N:Residential4, T:Long",5b1470756f11de7b7342d7864476c219,62.58,
164,5.74,2023-01-01 07:56:00.000000,2023-01-01 08:01:43.691055,0 days 00:05:43.691055,Nissan Leaf with 59 kWh battery,7b11bbc01a77259a5e1fc4b563c38fe2,60.123764346780916,0.9758000000000001,0.01653898305084746,59.0,2023-01-01 08:01:43.691055,"N:Residential1, T:Short",e761dcd6c2986d0dbdd29187a6e7bf48,5.74,
165,5.74,2023-01-01 18:32:00.000000,2023-01-01 18:37:40.194255,0 days 00:05:40.194255,Nissan Leaf with 59 kWh battery,7b11bbc01a77259a5e1fc4b563c38fe2,60.74176652883047,0.9758000000000001,0.01653898305084746,59.0,2023-01-01 18:37:40.194255,"N:Residential1, T:Short",16a28926ca92fdb42b008bddff8d43f9,5.74,
166,5.735,2023-01-02 08:02:00.000000,2023-01-02 08:07:44.519001,0 days 00:05:44.519001,Nissan Leaf with 59 kWh battery,7b11bbc01a77259a5e1fc4b563c38fe2,59.92702859174103,0.9749500000000001,0.016524576271186444,59.0,2023-01-02 08:07:44.519001,"N:Residential1, T:Short",db21f4baf22915d52cb73f6fdd0af363,5.735,
167,5.735,2023-01-02 18:25:00.000000,2023-01-02 18:30:41.113264,0 days 00:05:41.113264,Nissan Leaf with 59 kWh battery,7b11bbc01a77259a5e1fc4b563c38fe2,60.52535097289673,0.9749500000000001,0.016524576271186444,59.0,2023-01-02 18:30:41.113264,"N:Residential1, T:Short",6a48e9330552ae0fb5bca5b3bfa6af18,5.735,
168,5.325,2023-01-03 07:57:00.000000,2023-01-03 08:02:17.099111,0 days 00:05:17.099111,Nissan Leaf with 59 kWh battery,7b11bbc01a77259a5e1fc4b563c38fe2,60.454284968649176,0.9052500000000001,0.015343220338983053,59.0,2023-01-03 08:02:17.099111,"N:Residential1, T:Short",6a8b00b6e365d1334b8430bdd53269b7,5.325,
169,5.325,2023-01-03 18:35:00.000000,2023-01-03 18:40:19.150457,0 days 00:05:19.150457,Nissan Leaf with 59 kWh battery,7b11bbc01a77259a5e1fc4b563c38fe2,60.065713744706734,0.9052500000000001,0.015343220338983053,59.0,2023-01-03 18:40:19.150457,"N:Residential1, T:Short",c4bfe551325c79bbdee51c0b38b095cd,5.325,
170,5.235,2023-01-04 08:00:00.000000,2023-01-04 08:05:09.798379,0 days 00:05:09.798379,Nissan Leaf with 59 kWh battery,7b11bbc01a77259a5e1fc4b563c38fe2,60.83311360707149,0.8899500000000001,0.015083898305084747,59.0,2023-01-04 08:05:09.798379,"N:Residential1, T:Short",5a53117a0e63f5dab4f97750420d24b6,5.235,
171,5.235,2023-01-04 18:24:00.000000,2023-01-04 18:29:11.018432,0 days 00:05:11.018432,Nissan Leaf with 59 kWh battery,7b11bbc01a77259a5e1fc4b563c38fe2,60.594479482812545,0.8899500000000001,0.015083898305084747,59.0,2023-01-04 18:29:11.018432,"N:Residential1, T:Short",0eb1a200571f71a94403dbf2c308a1b8,5.235,
172,5.65,2023-01-05 07:56:00.000000,2023-01-05 08:01:41.769776,0 days 00:05:41.769776,Nissan Leaf with 59 kWh battery,7b11bbc01a77259a5e1fc4b563c38fe2,59.51374698727625,0.9605000000000001,0.016279661016949155,59.0,2023-01-05 08:01:41.769776,"N:Residential1, T:Short",62f260606b7608bed6ae0da255501631,5.65,
173,5.65,2023-01-05 18:35:00.000000,2023-01-05 18:40:37.944320,0 days 00:05:37.944320,Nissan Leaf with 59 kWh battery,7b11bbc01a77259a5e1fc4b563c38fe2,60.187429708433754,0.9605000000000001,0.016279661016949155,59.0,2023-01-05 18:40:37.944320,"N:Residential1, T:Short",cd8613fc4a60c1cd1efe1de7bcbc1961,5.65,
174,5.39,2023-01-06 07:59:00.000000,2023-01-06 08:04:24.595065,0 days 00:05:24.595065,Nissan Leaf with 59 kWh battery,7b11bbc01a77259a5e1fc4b563c38fe2,59.77909729303771,0.9163,0.01553050847457627,59.0,2023-01-06 08:04:24.595065,"N:Residential1, T:Short",dda9a8eedfc0074d49fd88c76b83b483,5.39,
175,5.39,2023-01-06 18:32:00.000000,2023-01-06 18:37:25.847754,0 days 00:05:25.847754,Nissan Leaf with 59 kWh battery,7b11bbc01a77259a5e1fc4b563c38fe2,59.549282555923966,0.9163,0.01553050847457627,59.0,2023-01-06 18:37:25.847754,"N:Residential1, T:Short",78c83d92afdf4a7f16cf04c503c5dd97,5.39,
176,5.345,2023-01-07 08:05:00.000000,2023-01-07 08:10:21.785058,0 days 00:05:21.785058,Nissan Leaf with 59 kWh battery,7b11bbc01a77259a5e1fc4b563c38fe2,59.79768027594706,0.9086500000000001,0.015400847457627119,59.0,2023-01-07 08:10:21.785058,"N:Residential1, T:Short",7b78a871644feed557a8cef3b876e02c,5.345,
177,5.345,2023-01-07 18:30:00.000000,2023-01-07 18:35:15.449423,0 days 00:05:15.449423,Nissan Leaf with 59 kWh battery,7b11bbc01a77259a5e1fc4b563c38fe2,60.998684955243,0.9086500000000001,0.015400847457627119,59.0,2023-01-07 18:35:15.449423,"N:Residential1, T:Short",f019b1e9fd383a4f358da929d49ed953,5.345,
178,23.08,2023-01-01 04:55:00.000000,2023-01-01 05:17:58.178655,0 days 00:22:58.178655,Hyundai Kauai with 74 kWh battery,e6c368c278074e2e8066ccd051d6286d,60.28826503845451,4.43136,0.05988324324324324,74.0,2023-01-01 05:17:58.178655,"N:Residential2, T:Medium",4c393d4439f8af2930c46e881c50c4b0,23.08,
179,23.08,2023-01-01 18:25:00.000000,2023-01-01 18:48:26.608288,0 days 00:23:26.608288,Hyundai Kauai with 74 kWh battery,e6c368c278074e2e8066ccd051d6286d,59.069750045971944,4.43136,0.05988324324324324,74.0,2023-01-01 18:48:26.608288,"N:Residential2, T:Medium",2c186cc3abd8ef0b44ea1771764b4691,23.08,
180,23.885,2023-01-02 05:02:00.000000,2023-01-02 05:25:37.700456,0 days 00:23:37.700456,Hyundai Kauai with 74 kWh battery,e6c368c278074e2e8066ccd051d6286d,60.65174036457032,4.585920000000001,0.0619718918918919,74.0,2023-01-02 05:25:37.700456,"N:Residential2, T:Medium",bf46ba57760d64ac0fcc79ae6f7625a0,23.885,
181,23.885,2023-01-02 18:26:00.000000,2023-01-02 18:49:56.705569,0 days 00:23:56.705569,Hyundai Kauai with 74 kWh battery,e6c368c278074e2e8066ccd051d6286d,59.84942347269468,4.585920000000001,0.0619718918918919,74.0,2023-01-02 18:49:56.705569,"N:Residential2, T:Medium",05c981af7b06212bb259095d04973949,23.885,
182,22.915,2023-01-03 05:03:00.000000,2023-01-03 05:26:03.659382,0 days 00:23:03.659382,Hyundai Kauai with 74 kWh battery,e6c368c278074e2e8066ccd051d6286d,59.62016454273609,4.39968,0.05945513513513514,74.0,2023-01-03 05:26:03.659382,"N:Residential2, T:Medium",8ee8c6b368f19ed51d73a009898553e6,22.915,
183,22.915,2023-01-03 18:32:00.000000,2023-01-03 18:55:14.933640,0 days 00:23:14.933640,Hyundai Kauai with 74 kWh battery,e6c368c278074e2e8066ccd051d6286d,59.13829705602941,4.39968,0.05945513513513514,74.0,2023-01-03 18:55:14.933640,"N:Residential2, T:Medium",8faaf3d30b530bb58507207172b78d89,22.915,
184,24.91,2023-01-04 04:59:00.000000,2023-01-04 05:23:46.040833,0 days 00:24:46.040833,Hyundai Kauai with 74 kWh battery,e6c368c278074e2e8066ccd051d6286d,60.3455827090855,4.78272,0.06463135135135135,74.0,2023-01-04 05:23:46.040833,"N:Residential2, T:Medium",f5ff7f797286b14016f727cc9b0b82a3,24.91,
185,24.91,2023-01-04 18:28:00.000000,2023-01-04 18:53:11.923370,0 days 00:25:11.923370,Hyundai Kauai with 74 kWh battery,e6c368c278074e2e8066ccd051d6286d,59.31252985152446,4.78272,0.06463135135135135,74.0,2023-01-04 18:53:11.923370,"N:Residential2, T:Medium",269b248b2a15abd6bfaadc3c2905dd68,24.91,
186,23.66,2023-01-05 04:58:00.000000,2023-01-05 05:22:00.313323,0 days 00:24:00.313323,Hyundai Kauai with 74 kWh battery,e6c368c278074e2e8066ccd051d6286d,59.13713260192054,4.54272,0.06138810810810811,74.0,2023-01-05 05:22:00.313323,"N:Residential2, T:Medium",b7a7e4c8b53b4c9e221fb1da2ff2b0f7,23.66,
187,23.66,2023-01-05 18:27:00.000000,2023-01-05 18:50:25.429282,0 days 00:23:25.429282,Hyundai Kauai with 74 kWh battery,e6c368c278074e2e8066ccd051d6286d,60.60497036346198,4.54272,0.06138810810810811,74.0,2023-01-05 18:50:25.429282,"N:Residential2, T:Medium",0ef2d6f09ed6acfa8c577ab174c41f8e,23.66,
188,23.99,2023-01-06 05:05:00.000000,2023-01-06 05:29:02.704674,0 days 00:24:02.704674,Hyundai Kauai with 74 kWh battery,e6c368c278074e2e8066ccd051d6286d,59.86256340345665,4.6060799999999995,0.06224432432432432,74.0,2023-01-06 05:29:02.704674,"N:Residential2, T:Medium",62b10d18c3357241422c9eef318ff650,23.99,
189,23.99,2023-01-06 18:32:00.000000,2023-01-06 18:56:08.021635,0 days 00:24:08.021635,Hyundai Kauai with 74 kWh battery,e6c368c278074e2e8066ccd051d6286d,59.64275528872602,4.6060799999999995,0.06224432432432432,74.0,2023-01-06 18:56:08.021635,"N:Residential2, T:Medium",53f3b7e4f865c0d691ec2aa60400ccea,23.99,
190,23.16,2023-01-07 04:56:00.000000,2023-01-07 05:18:56.051648,0 days 00:22:56.051648,Hyundai Kauai with 74 kWh battery,e6c368c278074e2e8066ccd051d6286d,60.59074899295166,4.44672,0.06009081081081081,74.0,2023-01-07 05:18:56.051648,"N:Residential2, T:Medium",8ee8fa94332fe616b40c82224db9ecde,23.16,
191,23.16,2023-01-07 18:25:00.000000,2023-01-07 18:48:03.242932,0 days 00:23:03.242932,Hyundai Kauai with 74 kWh battery,e6c368c278074e2e8066ccd051d6286d,60.275746266510616,4.44672,0.06009081081081081,74.0,2023-01-07 18:48:03.242932,"N:Residential2, T:Medium",7b2b3f5e84ea2b5f96bc550d170af901,23.16,
192,30.425,2023-01-01 04:58:00.000000,2023-01-01 05:20:54.985819,0 days 00:22:54.985819,Audi Q4 e-tron with 55 kWh battery,ee242d10de465dac912c07bf3e894bfc,79.65900337144969,5.172250000000001,0.0940409090909091,55.0,2023-01-01 05:20:54.985819,"N:Residential2, T:Medium",001de246691d49c7922f096d67715504,30.425,
193,30.425,2023-01-01 18:25:00.000000,2023-01-01 18:48:03.479239,0 days 00:23:03.479239,Audi Q4 e-tron with 55 kWh battery,ee242d10de465dac912c07bf3e894bfc,79.16996287778757,5.172250000000001,0.0940409090909091,55.0,2023-01-01 18:48:03.479239,"N:Residential2, T:Medium",379a337d82e39f88e8987a96dda15fb9,30.425,
194,28.79,2023-01-02 04:58:00.000000,2023-01-02 05:19:33.548538,0 days 00:21:33.548538,Audi Q4 e-tron with 55 kWh battery,ee242d10de465dac912c07bf3e894bfc,80.12378119768945,4.8943,0.08898727272727273,55.0,2023-01-02 05:19:33.548538,"N:Residential2, T:Medium",ff9265fbee5eba0b9207b537808b69f4,28.79,
195,28.79,2023-01-02 18:28:00.000000,2023-01-02 18:49:28.305908,0 days 00:21:28.305908,Audi Q4 e-tron with 55 kWh battery,ee242d10de465dac912c07bf3e894bfc,80.44983675615246,4.8943,0.08898727272727273,55.0,2023-01-02 18:49:28.305908,"N:Residential2, T:Medium",9338c382cc955bd3c4afa291abb235c8,28.79,
196,29.48,2023-01-03 04:59:00.000000,2023-01-03 05:21:21.920928,0 days 00:22:21.920928,Audi Q4 e-tron with 55 kWh battery,ee242d10de465dac912c07bf3e894bfc,79.08662707025019,5.0116000000000005,0.09112,55.0,2023-01-03 05:21:21.920928,"N:Residential2, T:Medium",cc68ed30787283de0bc2f406645902d4,29.48,
197,29.48,2023-01-03 18:33:00.000000,2023-01-03 18:55:02.305804,0 days 00:22:02.305804,Audi Q4 e-tron with 55 kWh battery,ee242d10de465dac912c07bf3e894bfc,80.25980045919121,5.0116000000000005,0.09112,55.0,2023-01-03 18:55:02.305804,"N:Residential2, T:Medium",6a8b1b7d139d9251edd00f702c46590c,29.48,
198,28.91,2023-01-04 05:04:00.000000,2023-01-04 05:25:47.437543,0 days 00:21:47.437543,Audi Q4 e-tron with 55 kWh battery,ee242d10de465dac912c07bf3e894bfc,79.60303767939648,4.914700000000001,0.08935818181818184,55.0,2023-01-04 05:25:47.437543,"N:Residential2, T:Medium",3022bf438626888d29b2dbe06339e5c4,28.91,
199,28.91,2023-01-04 18:28:00.000000,2023-01-04 18:49:32.640293,0 days 00:21:32.640293,Audi Q4 e-tron with 55 kWh battery,ee242d10de465dac912c07bf3e894bfc,80.51427809173869,4.914700000000001,0.08935818181818184,55.0,2023-01-04 18:49:32.640293,"N:Residential2, T:Medium",7ca589200289fa4aa03448f0c47e3d16,28.91,
200,28.51,2023-01-05 04:57:00.000000,2023-01-05 05:18:10.531637,0 days 00:21:10.531637,Audi Q4 e-tron with 55 kWh battery,ee242d10de465dac912c07bf3e894bfc,80.78193174101295,4.8467,0.08812181818181819,55.0,2023-01-05 05:18:10.531637,"N:Residential2, T:Medium",ae4b22500874f2fdee0c0ad508ee0b31,28.51,
201,28.51,2023-01-05 18:30:00.000000,2023-01-05 18:51:23.455096,0 days 00:21:23.455096,Audi Q4 e-tron with 55 kWh battery,ee242d10de465dac912c07bf3e894bfc,79.9685164841604,4.8467,0.08812181818181819,55.0,2023-01-05 18:51:23.455096,"N:Residential2, T:Medium",ed9985040962d7e203a4e8cd333fefbe,28.51,
202,28.91,2023-01-06 05:02:00.000000,2023-01-06 05:23:25.362426,0 days 00:21:25.362426,Audi Q4 e-tron with 55 kWh battery,ee242d10de465dac912c07bf3e894bfc,80.97015896424983,4.914700000000001,0.08935818181818184,55.0,2023-01-06 05:23:25.362426,"N:Residential2, T:Medium",2ea6a1890f175b9f8eb49b9dd41b9d4d,28.91,
203,28.91,2023-01-06 18:24:00.000000,2023-01-06 18:45:28.944954,0 days 00:21:28.944954,Audi Q4 e-tron with 55 kWh battery,ee242d10de465dac912c07bf3e894bfc,80.7451083888899,4.914700000000001,0.08935818181818184,55.0,2023-01-06 18:45:28.944954,"N:Residential2, T:Medium",e78dc93e5f04184b437bbde0d7c6aeae,28.91,
204,30.17,2023-01-07 04:57:00.000000,2023-01-07 05:19:41.616699,0 days 00:22:41.616699,Audi Q4 e-tron with 55 kWh battery,ee242d10de465dac912c07bf3e894bfc,79.76694183955067,5.128900000000001,0.09325272727272728,55.0,2023-01-07 05:19:41.616699,"N:Residential2, T:Medium",ea99de4233fceb7cec804d234eb7ecc5,30.17,
205,30.17,2023-01-07 18:32:00.000000,2023-01-07 18:54:21.365475,0 days 00:22:21.365475,Audi Q4 e-tron with 55 kWh battery,ee242d10de465dac912c07bf3e894bfc,80.97122073715813,5.128900000000001,0.09325272727272728,55.0,2023-01-07 18:54:21.365475,"N:Residential2, T:Medium",43ef22711fecc6ac3e586d7e2699d995,30.17,
206,0.075,2023-01-01 08:03:00.000000,2023-01-01 08:03:04.496892,0 days 00:00:04.496892,Nissan Leaf with 59 kWh battery,762e2cf32bff1154b63cbff58d3fc679,60.04146582895474,0.012750000000000001,0.00021610169491525426,59.0,2023-01-01 08:03:04.496892,"N:Residential3, T:Short",3e8d987e1708ee723bfdf85ab2dc62b7,0.075,
207,0.075,2023-01-01 18:33:00.000000,2023-01-01 18:33:04.488159,0 days 00:00:04.488159,Nissan Leaf with 59 kWh battery,762e2cf32bff1154b63cbff58d3fc679,60.15829028938983,0.012750000000000001,0.00021610169491525426,59.0,2023-01-01 18:33:04.488159,"N:Residential3, T:Short",3cf402d09a04931605210e65d33fed84,0.075,
208,0.075,2023-01-02 07:54:00.000000,2023-01-02 07:54:04.569067,0 days 00:00:04.569067,Nissan Leaf with 59 kWh battery,762e2cf32bff1154b63cbff58d3fc679,59.093030748609884,0.012750000000000001,0.00021610169491525426,59.0,2023-01-02 07:54:04.569067,"N:Residential3, T:Short",5f9972d7f54c8ca1ad3b3be373d63218,0.075,
209,0.075,2023-01-02 18:29:00.000000,2023-01-02 18:29:04.449993,0 days 00:00:04.449993,Nissan Leaf with 59 kWh battery,762e2cf32bff1154b63cbff58d3fc679,60.674249652043876,0.012750000000000001,0.00021610169491525426,59.0,2023-01-02 18:29:04.449993,"N:Residential3, T:Short",63870ef528d8e00f8604186000952142,0.075,
210,0.075,2023-01-03 08:01:00.000000,2023-01-03 08:01:04.451781,0 days 00:00:04.451781,Nissan Leaf with 59 kWh battery,762e2cf32bff1154b63cbff58d3fc679,60.649878941569206,0.012750000000000001,0.00021610169491525426,59.0,2023-01-03 08:01:04.451781,"N:Residential3, T:Short",135c129903ab9a3754e46687fe9494ba,0.075,
211,0.075,2023-01-03 18:24:00.000000,2023-01-03 18:24:04.501914,0 days 00:00:04.501914,Nissan Leaf with 59 kWh battery,762e2cf32bff1154b63cbff58d3fc679,59.97449185171215,0.012750000000000001,0.00021610169491525426,59.0,2023-01-03 18:24:04.501914,"N:Residential3, T:Short",4dcea555cd3a04ef8bef7657ba912ed8,0.075,
212,0.075,2023-01-04 07:54:00.000000,2023-01-04 07:54:04.469108,0 days 00:00:04.469108,Nissan Leaf with 59 kWh battery,762e2cf32bff1154b63cbff58d3fc679,60.414739284719936,0.012750000000000001,0.00021610169491525426,59.0,2023-01-04 07:54:04.469108,"N:Residential3, T:Short",4349d35d8d96aaa26d636f48d199a65f,0.075,
213,0.075,2023-01-04 18:30:00.000000,2023-01-04 18:30:04.510382,0 days 00:00:04.510382,Nissan Leaf with 59 kWh battery,762e2cf32bff1154b63cbff58d3fc679,59.861890217522514,0.012750000000000001,0.00021610169491525426,59.0,2023-01-04 18:30:04.510382,"N:Residential3, T:Short",9786f85b53757292618cdd465a0f8d3a,0.075,
214,0.075,2023-01-05 08:05:00.000000,2023-01-05 08:05:04.546537,0 days 00:00:04.546537,Nissan Leaf with 59 kWh battery,762e2cf32bff1154b63cbff58d3fc679,59.3858578350149,0.012750000000000001,0.00021610169491525426,59.0,2023-01-05 08:05:04.546537,"N:Residential3, T:Short",a3f12465617fddb0f58f9f3f2b7a6759,0.075,
215,0.075,2023-01-05 18:28:00.000000,2023-01-05 18:28:04.436334,0 days 00:00:04.436334,Nissan Leaf with 59 kWh battery,762e2cf32bff1154b63cbff58d3fc679,60.86106291969428,0.012750000000000001,0.00021610169491525426,59.0,2023-01-05 18:28:04.436334,"N:Residential3, T:Short",d6da29282cb61e53a6f38f5a0e4038fd,0.075,
216,0.07,2023-01-06 07:59:00.000000,2023-01-06 07:59:04.185841,0 days 00:00:04.185841,Nissan Leaf with 59 kWh battery,762e2cf32bff1154b63cbff58d3fc679,60.20296011717641,0.011900000000000003,0.00020169491525423732,59.0,2023-01-06 07:59:04.185841,"N:Residential3, T:Short",22caac33a5c1f9b9bf96afc525789ec1,0.07,
217,0.07,2023-01-06 18:32:00.000000,2023-01-06 18:32:04.138018,0 days 00:00:04.138018,Nissan Leaf with 59 kWh battery,762e2cf32bff1154b63cbff58d3fc679,60.898716617093655,0.011900000000000003,0.00020169491525423732,59.0,2023-01-06 18:32:04.138018,"N:Residential3, T:Short",7f2b4f69640e6f18340d6904609944da,0.07,
218,0.075,2023-01-07 08:03:00.000000,2023-01-07 08:03:04.574522,0 days 00:00:04.574522,Nissan Leaf with 59 kWh battery,762e2cf32bff1154b63cbff58d3fc679,59.02255495473986,0.012750000000000001,0.00021610169491525426,59.0,2023-01-07 08:03:04.574522,"N:Residential3, T:Short",1ce210b3e09edfbfc095535b0190a4b0,0.075,
219,0.075,2023-01-07 18:32:00.000000,2023-01-07 18:32:04.554683,0 days 00:00:04.554683,Nissan Leaf with 59 kWh battery,762e2cf32bff1154b63cbff58d3fc679,59.27964452512867,0.012750000000000001,0.00021610169491525426,59.0,2023-01-07 18:32:04.554683,"N:Residential3, T:Short",3fca73112258fec02ff837ec201dccc6,0.075,
220,7.53,2023-01-01 07:56:00.000000,2023-01-01 08:03:31.172351,0 days 00:07:31.172351,BMW 530e with 70.2 kWh battery,18ac7d005ff2cfa17dc6e65a9daa2bc1,60.08346901707641,1.2048,0.017162393162393163,70.2,2023-01-01 08:03:31.172351,"N:Residential1, T:Short",c62052c91a467432b33f0a6b23020623,7.53,
221,7.53,2023-01-01 18:24:00.000000,2023-01-01 18:31:27.697079,0 days 00:07:27.697079,BMW 530e with 70.2 kWh battery,18ac7d005ff2cfa17dc6e65a9daa2bc1,60.54987012038606,1.2048,0.017162393162393163,70.2,2023-01-01 18:31:27.697079,"N:Residential1, T:Short",c64bcd9baf9a92d561948137780cff6f,7.53,
222,7.68,2023-01-02 08:00:00.000000,2023-01-02 08:07:47.921565,0 days 00:07:47.921565,BMW 530e with 70.2 kWh battery,18ac7d005ff2cfa17dc6e65a9daa2bc1,59.086825784955096,1.2288,0.017504273504273502,70.2,2023-01-02 08:07:47.921565,"N:Residential1, T:Short",6340d3d4c32133a612aab7b744b8ce87,7.68,
223,7.68,2023-01-02 18:29:00.000000,2023-01-02 18:36:38.222182,0 days 00:07:38.222182,BMW 530e with 70.2 kWh battery,18ac7d005ff2cfa17dc6e65a9daa2bc1,60.337541654010906,1.2288,0.017504273504273502,70.2,2023-01-02 18:36:38.222182,"N:Residential1, T:Short",b3e8dbc09d0a94e6bc619bf054fd58a4,7.68,
224,7.015,2023-01-03 07:57:00.000000,2023-01-03 08:03:55.001157,0 days 00:06:55.001157,BMW 530e with 70.2 kWh battery,18ac7d005ff2cfa17dc6e65a9daa2bc1,60.85284245235611,1.1224,0.015988603988603987,70.2,2023-01-03 08:03:55.001157,"N:Residential1, T:Short",47913ebe26d4ec3d86452f3ede54d941,7.015,
225,7.015,2023-01-03 18:29:00.000000,2023-01-03 18:36:01.052871,0 days 00:07:01.052871,BMW 530e with 70.2 kWh battery,18ac7d005ff2cfa17dc6e65a9daa2bc1,59.97821586711296,1.1224,0.015988603988603987,70.2,2023-01-03 18:36:01.052871,"N:Residential1, T:Short",e27d273a5014f81c9ec42d5a0078994e,7.015,
226,7.695,2023-01-04 07:55:00.000000,2023-01-04 08:02:49.084857,0 days 00:07:49.084857,BMW 530e with 70.2 kWh battery,18ac7d005ff2cfa17dc6e65a9daa2bc1,59.055413020881446,1.2312,0.017538461538461537,70.2,2023-01-04 08:02:49.084857,"N:Residential1, T:Short",24fb955908604a74d1d4037d6aaab2bf,7.695,
227,7.695,2023-01-04 18:35:00.000000,2023-01-04 18:42:42.795039,0 days 00:07:42.795039,BMW 530e with 70.2 kWh battery,18ac7d005ff2cfa17dc6e65a9daa2bc1,59.85803139587927,1.2312,0.017538461538461537,70.2,2023-01-04 18:42:42.795039,"N:Residential1, T:Short",74014562ca36dafe2ddbb8081925854d,7.695,
228,7.565,2023-01-05 07:54:00.000000,2023-01-05 08:01:28.903938,0 days 00:07:28.903938,BMW 530e with 70.2 kWh battery,18ac7d005ff2cfa17dc6e65a9daa2bc1,60.66776810017705,1.2104000000000001,0.017242165242165243,70.2,2023-01-05 08:01:28.903938,"N:Residential1, T:Short",ea23c9418915fd81f395773f70babdc8,7.565,
229,7.565,2023-01-05 18:35:00.000000,2023-01-05 18:42:39.201598,0 days 00:07:39.201598,BMW 530e with 70.2 kWh battery,18ac7d005ff2cfa17dc6e65a9daa2bc1,59.30728485088311,1.2104000000000001,0.017242165242165243,70.2,2023-01-05 18:42:39.201598,"N:Residential1, T:Short",50f4a46decf67d6ef7a14505765d3731,7.565,
230,7.465,2023-01-06 08:01:00.000000,2023-01-06 08:08:31.451900,0 days 00:07:31.451900,BMW 530e with 70.2 kWh battery,18ac7d005ff2cfa17dc6e65a9daa2bc1,59.52793639833266,1.1944,0.017014245014245012,70.2,2023-01-06 08:08:31.451900,"N:Residential1, T:Short",dfd945d37f26762f2e89185776e4923e,7.465,
231,7.465,2023-01-06 18:25:00.000000,2023-01-06 18:32:23.454800,0 days 00:07:23.454800,BMW 530e with 70.2 kWh battery,18ac7d005ff2cfa17dc6e65a9daa2bc1,60.60144119138818,1.1944,0.017014245014245012,70.2,2023-01-06 18:32:23.454800,"N:Residential1, T:Short",63f164cd9d32e43b64cc7832a3f7f439,7.465,
232,7.69,2023-01-07 07:56:00.000000,2023-01-07 08:03:44.583745,0 days 00:07:44.583745,BMW 530e with 70.2 kWh battery,18ac7d005ff2cfa17dc6e65a9daa2bc1,59.58882614947536,1.2304000000000002,0.017527065527065528,70.2,2023-01-07 08:03:44.583745,"N:Residential1, T:Short",3730b4487b50d1b3daf7c7b848fc6ee5,7.69,
233,7.69,2023-01-07 18:34:00.000000,2023-01-07 18:41:36.437537,0 days 00:07:36.437537,BMW 530e with 70.2 kWh battery,18ac7d005ff2cfa17dc6e65a9daa2bc1,60.65232976987549,1.2304000000000002,0.017527065527065528,70.2,2023-01-07 18:41:36.437537,"N:Residential1, T:Short",c5d3a81f76aa8ebc410e04b19ad4868f,7.69,
234,2.605,2023-01-01 07:56:00.000000,2023-01-01 07:58:34.527802,0 days 00:02:34.527802,Nissan Leaf with 59 kWh battery,c85174a74e22c4f551c6184c465b5b5c,60.68810824416891,0.44285,0.007505932203389831,59.0,2023-01-01 07:58:34.527802,"N:Residential1, T:Short",0eace1e9e44eaf7df95b4d80d7974e20,2.605,
235,2.605,2023-01-01 18:26:00.000000,2023-01-01 18:28:36.984325,0 days 00:02:36.984325,Nissan Leaf with 59 kWh battery,c85174a74e22c4f551c6184c465b5b5c,59.73844842835708,0.44285,0.007505932203389831,59.0,2023-01-01 18:28:36.984325,"N:Residential1, T:Short",7b521d762658ed668ff05f5afeabf154,2.605,
236,2.54,2023-01-02 08:02:00.000000,2023-01-02 08:04:32.128607,0 days 00:02:32.128607,Nissan Leaf with 59 kWh battery,c85174a74e22c4f551c6184c465b5b5c,60.10703814705516,0.4318,0.00731864406779661,59.0,2023-01-02 08:04:32.128607,"N:Residential1, T:Short",9d63abfcceec3c751947b78483cb7a61,2.54,
237,2.54,2023-01-02 18:24:00.000000,2023-01-02 18:26:31.511026,0 days 00:02:31.511026,Nissan Leaf with 59 kWh battery,c85174a74e22c4f551c6184c465b5b5c,60.35204320305172,0.4318,0.00731864406779661,59.0,2023-01-02 18:26:31.511026,"N:Residential1, T:Short",1871432297c79f05cbb427cfe9660d9e,2.54,
238,2.775,2023-01-03 07:55:00.000000,2023-01-03 07:57:45.477501,0 days 00:02:45.477501,Nissan Leaf with 59 kWh battery,c85174a74e22c4f551c6184c465b5b5c,60.37074491139686,0.47175,0.007995762711864406,59.0,2023-01-03 07:57:45.477501,"N:Residential1, T:Short",77650a77e58c95c073f68c190e0d3b56,2.775,
239,2.775,2023-01-03 18:30:00.000000,2023-01-03 18:32:46.182905,0 days 00:02:46.182905,Nissan Leaf with 59 kWh battery,c85174a74e22c4f551c6184c465b5b5c,60.11448635438356,0.47175,0.007995762711864406,59.0,2023-01-03 18:32:46.182905,"N:Residential1, T:Short",e0a403282917525d2c197d9995f3a06d,2.775,
240,2.67,2023-01-04 08:02:00.000000,2023-01-04 08:04:41.134980,0 days 00:02:41.134980,Nissan Leaf with 59 kWh battery,c85174a74e22c4f551c6184c465b5b5c,59.651852162768535,0.4539,0.0076932203389830514,59.0,2023-01-04 08:04:41.134980,"N:Residential1, T:Short",10802eeb2f7c47028b8ca40b8db2c087,2.67,
241,2.67,2023-01-04 18:35:00.000000,2023-01-04 18:37:41.901752,0 days 00:02:41.901752,Nissan Leaf with 59 kWh battery,c85174a74e22c4f551c6184c465b5b5c,59.36933902896253,0.4539,0.0076932203389830514,59.0,2023-01-04 18:37:41.901752,"N:Residential1, T:Short",ce67c82ad539b2001576cc45262ad6cc,2.67,
242,2.69,2023-01-05 08:05:00.000000,2023-01-05 08:07:39.335821,0 days 00:02:39.335821,Nissan Leaf with 59 kWh battery,c85174a74e22c4f551c6184c465b5b5c,60.777293746403025,0.45730000000000004,0.007750847457627119,59.0,2023-01-05 08:07:39.335821,"N:Residential1, T:Short",ace3038d117fc1ca3ae8620d230ce36b,2.69,
243,2.69,2023-01-05 18:35:00.000000,2023-01-05 18:37:40.933766,0 days 00:02:40.933766,Nissan Leaf with 59 kWh battery,c85174a74e22c4f551c6184c465b5b5c,60.17382346257532,0.45730000000000004,0.007750847457627119,59.0,2023-01-05 18:37:40.933766,"N:Residential1, T:Short",83b9d2e8bcb93e9f2da1982c0239d25e,2.69,
244,2.77,2023-01-06 08:02:00.000000,2023-01-06 08:04:45.633745,0 days 00:02:45.633745,Nissan Leaf with 59 kWh battery,c85174a74e22c4f551c6184c465b5b5c,60.20512307412884,0.47090000000000004,0.00798135593220339,59.0,2023-01-06 08:04:45.633745,"N:Residential1, T:Short",9076472537da004b145d40879811c563,2.77,
245,2.77,2023-01-06 18:28:00.000000,2023-01-06 18:30:43.514504,0 days 00:02:43.514504,Nissan Leaf with 59 kWh battery,c85174a74e22c4f551c6184c465b5b5c,60.98541551943601,0.47090000000000004,0.00798135593220339,59.0,2023-01-06 18:30:43.514504,"N:Residential1, T:Short",1f73c2d0900c5adc93a2c349829689e0,2.77,
246,2.75,2023-01-07 07:59:00.000000,2023-01-07 08:01:42.799461,0 days 00:02:42.799461,Nissan Leaf with 59 kWh battery,c85174a74e22c4f551c6184c465b5b5c,60.81101220218845,0.4675,0.007923728813559322,59.0,2023-01-07 08:01:42.799461,"N:Residential1, T:Short",eff0751ed648fc36808d88849f900410,2.75,
247,2.75,2023-01-07 18:25:00.000000,2023-01-07 18:27:42.742616,0 days 00:02:42.742616,Nissan Leaf with 59 kWh battery,c85174a74e22c4f551c6184c465b5b5c,60.832253002191464,0.4675,0.007923728813559322,59.0,2023-01-07 18:27:42.742616,"N:Residential1, T:Short",641c834c450ba71fbab46e020cddd4f2,2.75,
248,4.405,2023-01-01 07:59:00.000000,2023-01-01 08:03:28.065067,0 days 00:04:28.065067,Mercedes E300 with 13.5 kWh battery,2772e988f6cb4aa5db3c9cb68289db51,59.157279168346555,0.7929,0.05873333333333334,13.5,2023-01-01 08:03:28.065067,"N:Residential1, T:Short",eb286136046689352fef6c485a7e2404,4.405,
249,4.405,2023-01-01 18:24:00.000000,2023-01-01 18:28:23.994967,0 days 00:04:23.994967,Mercedes E300 with 13.5 kWh battery,2772e988f6cb4aa5db3c9cb68289db51,60.069327105466506,0.7929,0.05873333333333334,13.5,2023-01-01 18:28:23.994967,"N:Residential1, T:Short",870fca199ad9c68ee6b76faa7a7f338f,4.405,
250,4.345,2023-01-02 08:03:00.000000,2023-01-02 08:07:19.835252,0 days 00:04:19.835252,Mercedes E300 with 13.5 kWh battery,2772e988f6cb4aa5db3c9cb68289db51,60.19968387196591,0.7820999999999999,0.05793333333333333,13.5,2023-01-02 08:07:19.835252,"N:Residential1, T:Short",c055a557ee026d67f23bb3cbcc9a8fcd,4.345,
251,4.345,2023-01-02 18:26:00.000000,2023-01-02 18:30:19.549753,0 days 00:04:19.549753,Mercedes E300 with 13.5 kWh battery,2772e988f6cb4aa5db3c9cb68289db51,60.26590196720559,0.7820999999999999,0.05793333333333333,13.5,2023-01-02 18:30:19.549753,"N:Residential1, T:Short",da2a24ade0b2689de3c2b55e0c1a0d47,4.345,
252,4.305,2023-01-03 08:03:00.000000,2023-01-03 08:07:17.412859,0 days 00:04:17.412859,Mercedes E300 with 13.5 kWh battery,2772e988f6cb4aa5db3c9cb68289db51,60.20678241873375,0.7748999999999999,0.05739999999999999,13.5,2023-01-03 08:07:17.412859,"N:Residential1, T:Short",c304ec7664690d6c6642de8fee5a85f4,4.305,
253,4.305,2023-01-03 18:24:00.000000,2023-01-03 18:28:17.025260,0 days 00:04:17.025260,Mercedes E300 with 13.5 kWh battery,2772e988f6cb4aa5db3c9cb68289db51,60.29757548654469,0.7748999999999999,0.05739999999999999,13.5,2023-01-03 18:28:17.025260,"N:Residential1, T:Short",a5aaa1440bcb455a2ffabb8ec28fe049,4.305,
254,4.48,2023-01-04 08:04:00.000000,2023-01-04 08:08:31.670833,0 days 00:04:31.670833,Mercedes E300 with 13.5 kWh battery,2772e988f6cb4aa5db3c9cb68289db51,59.36596077325483,0.8064,0.05973333333333333,13.5,2023-01-04 08:08:31.670833,"N:Residential1, T:Short",6942aa0107d901db6ab54505b67f329b,4.48,
255,4.48,2023-01-04 18:35:00.000000,2023-01-04 18:39:30.385929,0 days 00:04:30.385929,Mercedes E300 with 13.5 kWh battery,2772e988f6cb4aa5db3c9cb68289db51,59.64807442513025,0.8064,0.05973333333333333,13.5,2023-01-04 18:39:30.385929,"N:Residential1, T:Short",88bd36cab8216b90feb1af3465bf9e6e,4.48,
256,4.15,2023-01-05 07:54:00.000000,2023-01-05 07:58:09.031727,0 days 00:04:09.031727,Mercedes E300 with 13.5 kWh battery,2772e988f6cb4aa5db3c9cb68289db51,59.992356014682784,0.747,0.05533333333333333,13.5,2023-01-05 07:58:09.031727,"N:Residential1, T:Short",42db6eeed406b1db7393eebb8f8f3754,4.15,
257,4.15,2023-01-05 18:24:00.000000,2023-01-05 18:28:09.541309,0 days 00:04:09.541309,Mercedes E300 with 13.5 kWh battery,2772e988f6cb4aa5db3c9cb68289db51,59.869847092481834,0.747,0.05533333333333333,13.5,2023-01-05 18:28:09.541309,"N:Residential1, T:Short",d6c75bf3203216483fd2df62a4a714c7,4.15,
258,4.47,2023-01-06 07:57:00.000000,2023-01-06 08:01:25.615923,0 days 00:04:25.615923,Mercedes E300 with 13.5 kWh battery,2772e988f6cb4aa5db3c9cb68289db51,60.58371738704469,0.8045999999999999,0.05959999999999999,13.5,2023-01-06 08:01:25.615923,"N:Residential1, T:Short",d07faae759d85d269833f151442ffc6d,4.47,
259,4.47,2023-01-06 18:29:00.000000,2023-01-06 18:33:27.498529,0 days 00:04:27.498529,Mercedes E300 with 13.5 kWh battery,2772e988f6cb4aa5db3c9cb68289db51,60.15734022325372,0.8045999999999999,0.05959999999999999,13.5,2023-01-06 18:33:27.498529,"N:Residential1, T:Short",a27edc82767a4310c4055757454061e1,4.47,
260,4.335,2023-01-07 07:55:00.000000,2023-01-07 07:59:17.299616,0 days 00:04:17.299616,Mercedes E300 with 13.5 kWh battery,2772e988f6cb4aa5db3c9cb68289db51,60.65302475481387,0.7803,0.0578,13.5,2023-01-07 07:59:17.299616,"N:Residential1, T:Short",3579a68041cfed09caee1f38179a618c,4.335,
261,4.335,2023-01-07 18:33:00.000000,2023-01-07 18:37:22.811621,0 days 00:04:22.811621,Mercedes E300 with 13.5 kWh battery,2772e988f6cb4aa5db3c9cb68289db51,59.38093583549665,0.7803,0.0578,13.5,2023-01-07 18:37:22.811621,"N:Residential1, T:Short",573747a5314d98fb48250f7bd3d014f8,4.335,
262,66.53,2023-01-01 08:05:00.000000,2023-01-01 08:44:49.905180,0 days 00:39:49.905180,Nissan Leaf with 59 kWh battery,da3a6902c5bff231881f2af47e486d75,100.2165282546773,11.3101,0.19169661016949152,59.0,2023-01-01 08:44:49.905180,"N:Residential4, T:Long",4013e59acefebe5e3db33076af9fbc81,66.53,
263,66.53,2023-01-01 18:31:00.000000,2023-01-01 19:11:15.257346,0 days 00:40:15.257346,Nissan Leaf with 59 kWh battery,da3a6902c5bff231881f2af47e486d75,99.16458814603864,11.3101,0.19169661016949152,59.0,2023-01-01 19:11:15.257346,"N:Residential4, T:Long",d4ed1fa7639138396b11f1dac4e806d0,66.53,
264,65.575,2023-01-02 07:58:00.000000,2023-01-02 08:37:14.045009,0 days 00:39:14.045009,Nissan Leaf with 59 kWh battery,da3a6902c5bff231881f2af47e486d75,100.28270450351354,11.147750000000002,0.18894491525423732,59.0,2023-01-02 08:37:14.045009,"N:Residential4, T:Long",54f26fda433f04b1e5945ef1bcbf7640,65.575,
265,65.575,2023-01-02 18:30:00.000000,2023-01-02 19:09:32.533526,0 days 00:39:32.533526,Nissan Leaf with 59 kWh battery,da3a6902c5bff231881f2af47e486d75,99.50122827959967,11.147750000000002,0.18894491525423732,59.0,2023-01-02 19:09:32.533526,"N:Residential4, T:Long",74b813b20696f75fbf18be6f26b2ec7c,65.575,
266,67.345,2023-01-03 08:01:00.000000,2023-01-03 08:41:05.969197,0 days 00:40:05.969197,Nissan Leaf with 59 kWh battery,da3a6902c5bff231881f2af47e486d75,100.7668761228392,11.44865,0.1940449152542373,59.0,2023-01-03 08:41:05.969197,"N:Residential4, T:Long",da577f0f7208392bb9bbd20669a39723,67.345,
267,67.345,2023-01-03 18:26:00.000000,2023-01-03 19:06:08.763017,0 days 00:40:08.763017,Nissan Leaf with 59 kWh battery,da3a6902c5bff231881f2af47e486d75,100.65000099149492,11.44865,0.1940449152542373,59.0,2023-01-03 19:06:08.763017,"N:Residential4, T:Long",871b58098fb806309fd11af68c717dbf,67.345,
268,64.945,2023-01-04 08:04:00.000000,2023-01-04 08:43:21.123931,0 days 00:39:21.123931,Nissan Leaf with 59 kWh battery,da3a6902c5bff231881f2af47e486d75,99.0214858944567,11.04065,0.18712966101694914,59.0,2023-01-04 08:43:21.123931,"N:Residential4, T:Long",699768291792b4b7706f5a684718b5b2,64.945,
269,64.945,2023-01-04 18:26:00.000000,2023-01-04 19:04:50.793249,0 days 00:38:50.793249,Nissan Leaf with 59 kWh battery,da3a6902c5bff231881f2af47e486d75,100.31005541333757,11.04065,0.18712966101694914,59.0,2023-01-04 19:04:50.793249,"N:Residential4, T:Long",258fe013204891f99da65ca202947bf7,64.945,
270,63.45,2023-01-05 07:55:00.000000,2023-01-05 08:33:11.291815,0 days 00:38:11.291815,Nissan Leaf with 59 kWh battery,da3a6902c5bff231881f2af47e486d75,99.69048836348043,10.786500000000002,0.18282203389830512,59.0,2023-01-05 08:33:11.291815,"N:Residential4, T:Long",ec198c61e5dd1227d826831ed04cd2c0,63.45,
271,63.45,2023-01-05 18:34:00.000000,2023-01-05 19:12:20.858422,0 days 00:38:20.858422,Nissan Leaf with 59 kWh battery,da3a6902c5bff231881f2af47e486d75,99.27599100357538,10.786500000000002,0.18282203389830512,59.0,2023-01-05 19:12:20.858422,"N:Residential4, T:Long",a7d60fd9c607c01667891ac1200021ea,63.45,
272,68.76,2023-01-06 08:01:00.000000,2023-01-06 08:42:28.762860,0 days 00:41:28.762860,Nissan Leaf with 59 kWh battery,da3a6902c5bff231881f2af47e486d75,99.46146494464271,11.689200000000001,0.1981220338983051,59.0,2023-01-06 08:42:28.762860,"N:Residential4, T:Long",5977388e91db08d25f924120e528b186,68.76,
273,68.76,2023-01-06 18:35:00.000000,2023-01-06 19:16:29.470886,0 days 00:41:29.470886,Nissan Leaf with 59 kWh battery,da3a6902c5bff231881f2af47e486d75,99.43317731249037,11.689200000000001,0.1981220338983051,59.0,2023-01-06 19:16:29.470886,"N:Residential4, T:Long",20de0c6885e416100467c6dd07dbe1fb,68.76,
274,68.34,2023-01-07 08:05:00.000000,2023-01-07 08:45:46.895689,0 days 00:40:46.895689,Nissan Leaf with 59 kWh battery,da3a6902c5bff231881f2af47e486d75,100.54535675573784,11.6178,0.19691186440677969,59.0,2023-01-07 08:45:46.895689,"N:Residential4, T:Long",a383030a96bc966a6b393745e40666df,68.34,
275,68.34,2023-01-07 18:31:00.000000,2023-01-07 19:12:14.203361,0 days 00:41:14.203361,Nissan Leaf with 59 kWh battery,da3a6902c5bff231881f2af47e486d75,99.4356421367141,11.6178,0.19691186440677969,59.0,2023-01-07 19:12:14.203361,"N:Residential4, T:Long",283c574eb6ca0aeccda11a9c5837d078,68.34,
276,35.343333333333334,2023-01-01 07:55:00.000000,2023-01-01 08:16:10.090918,0 days 00:21:10.090918,Jaguar I-Pace with 85 kWh battery,24b50355fc0b9764eec887def1db6701,100.17865511401625,7.775533333333334,0.09147686274509804,85.0,2023-01-01 08:16:10.090918,"N:Work1, T:Long",35c50c870f421c0901d6aaa9e6511c99,35.343333333333334,
277,35.343333333333334,2023-01-01 12:58:00.000000,2023-01-01 13:19:00.567157,0 days 00:21:00.567157,Jaguar I-Pace with 85 kWh battery,24b50355fc0b9764eec887def1db6701,100.93551885205792,7.775533333333334,0.09147686274509804,85.0,2023-01-01 13:19:00.567157,"N:Work1, T:Long",0e791441855c0506fd6d1399a695e121,35.343333333333334,
278,35.343333333333334,2023-01-01 18:32:00.000000,2023-01-01 18:53:03.386314,0 days 00:21:03.386314,Jaguar I-Pace with 85 kWh battery,24b50355fc0b9764eec887def1db6701,100.7102883358047,7.775533333333334,0.09147686274509804,85.0,2023-01-01 18:53:03.386314,"N:Work1, T:Long",3577f5769c422d85d6c0ff6e63b6b95c,35.343333333333334,
279,33.333333333333336,2023-01-02 07:54:00.000000,2023-01-02 08:14:07.882649,0 days 00:20:07.882649,Jaguar I-Pace with 85 kWh battery,24b50355fc0b9764eec887def1db6701,99.347399394304,7.333333333333334,0.08627450980392158,85.0,2023-01-02 08:14:07.882649,"N:Work1, T:Long",77d5eba69553675c0ba95e4be4c368e0,33.333333333333336,
280,33.333333333333336,2023-01-02 13:00:00.000000,2023-01-02 13:20:05.541017,0 days 00:20:05.541017,Jaguar I-Pace with 85 kWh battery,24b50355fc0b9764eec887def1db6701,99.54037088654219,7.333333333333334,0.08627450980392158,85.0,2023-01-02 13:20:05.541017,"N:Work1, T:Long",24236f60fc6c5b6a8b1da001e2d96f10,33.333333333333336,
281,33.333333333333336,2023-01-02 18:28:00.000000,2023-01-02 18:48:10.237764,0 days 00:20:10.237764,Jaguar I-Pace with 85 kWh battery,24b50355fc0b9764eec887def1db6701,99.1540700484252,7.333333333333334,0.08627450980392158,85.0,2023-01-02 18:48:10.237764,"N:Work1, T:Long",2e0b6aba551fba41ca1f1facf5a07d4a,33.333333333333336,
282,34.983333333333334,2023-01-03 07:56:00.000000,2023-01-03 08:17:00.254259,0 days 00:21:00.254259,Jaguar I-Pace with 85 kWh battery,24b50355fc0b9764eec887def1db6701,99.93221531743285,7.6963333333333335,0.09054509803921569,85.0,2023-01-03 08:17:00.254259,"N:Work1, T:Long",b9461cf63530fe623e08673f95745261,34.983333333333334,
283,34.983333333333334,2023-01-03 12:57:00.000000,2023-01-03 13:17:50.250833,0 days 00:20:50.250833,Jaguar I-Pace with 85 kWh battery,24b50355fc0b9764eec887def1db6701,100.73178654663408,7.6963333333333335,0.09054509803921569,85.0,2023-01-03 13:17:50.250833,"N:Work1, T:Long",f7eb564d0ef27f668944077ad6945acd,34.983333333333334,
284,34.983333333333334,2023-01-03 18:25:00.000000,2023-01-03 18:45:57.965419,0 days 00:20:57.965419,Jaguar I-Pace with 85 kWh battery,24b50355fc0b9764eec887def1db6701,100.11403974805386,7.6963333333333335,0.09054509803921569,85.0,2023-01-03 18:45:57.965419,"N:Work1, T:Long",51d3d38e4470e91188174f3fa3a42f16,34.983333333333334,
285,35.03333333333333,2023-01-04 08:02:00.000000,2023-01-04 08:23:02.781764,0 days 00:21:02.781764,Jaguar I-Pace with 85 kWh battery,24b50355fc0b9764eec887def1db6701,99.8747397370256,7.707333333333333,0.09067450980392155,85.0,2023-01-04 08:23:02.781764,"N:Work1, T:Long",70c556d2bdefa3fa4c5848edd2f2c994,35.03333333333333,
286,35.03333333333333,2023-01-04 13:03:00.000000,2023-01-04 13:24:01.030755,0 days 00:21:01.030755,Jaguar I-Pace with 85 kWh battery,24b50355fc0b9764eec887def1db6701,100.01342112482149,7.707333333333333,0.09067450980392155,85.0,2023-01-04 13:24:01.030755,"N:Work1, T:Long",127996bf662a58c999fa39c9f24f9ec7,35.03333333333333,
287,35.03333333333333,2023-01-04 18:32:00.000000,2023-01-04 18:52:55.622697,0 days 00:20:55.622697,Jaguar I-Pace with 85 kWh battery,24b50355fc0b9764eec887def1db6701,100.44418618191509,7.707333333333333,0.09067450980392155,85.0,2023-01-04 18:52:55.622697,"N:Work1, T:Long",4ff1ade183bda5b8af66a7a8463e0fa6,35.03333333333333,
288,36.07333333333333,2023-01-05 07:59:00.000000,2023-01-05 08:20:32.372022,0 days 00:21:32.372022,Jaguar I-Pace with 85 kWh battery,24b50355fc0b9764eec887def1db6701,100.48499799292645,7.936133333333332,0.0933662745098039,85.0,2023-01-05 08:20:32.372022,"N:Work1, T:Long",c0406abc98b95c8d8a9ea9272d1f525b,36.07333333333333,
289,36.07333333333333,2023-01-05 12:55:00.000000,2023-01-05 13:16:26.556042,0 days 00:21:26.556042,Jaguar I-Pace with 85 kWh battery,24b50355fc0b9764eec887def1db6701,100.93924844278523,7.936133333333332,0.0933662745098039,85.0,2023-01-05 13:16:26.556042,"N:Work1, T:Long",8b35b59c747fc776a2f4d7a5a4bf320c,36.07333333333333,
290,36.07333333333333,2023-01-05 18:34:00.000000,2023-01-05 18:55:32.159346,0 days 00:21:32.159346,Jaguar I-Pace with 85 kWh battery,24b50355fc0b9764eec887def1db6701,100.50153671826818,7.936133333333332,0.0933662745098039,85.0,2023-01-05 18:55:32.159346,"N:Work1, T:Long",e8f265f8020c7e639cb6f27b7c80d688,36.07333333333333,
291,34.38333333333333,2023-01-06 08:03:00.000000,2023-01-06 08:23:32.447408,0 days 00:20:32.447408,Jaguar I-Pace with 85 kWh battery,24b50355fc0b9764eec887def1db6701,100.43430594345658,7.564333333333333,0.08899215686274509,85.0,2023-01-06 08:23:32.447408,"N:Work1, T:Long",acb0b41464627603249d3cd05b1a1766,34.38333333333333,
292,34.38333333333333,2023-01-06 13:01:00.000000,2023-01-06 13:21:31.648382,0 days 00:20:31.648382,Jaguar I-Pace with 85 kWh battery,24b50355fc0b9764eec887def1db6701,100.49946221922401,7.564333333333333,0.08899215686274509,85.0,2023-01-06 13:21:31.648382,"N:Work1, T:Long",2a6033908b09fbaf0a3878877df3c829,34.38333333333333,
293,34.38333333333333,2023-01-06 18:25:00.000000,2023-01-06 18:45:37.520157,0 days 00:20:37.520157,Jaguar I-Pace with 85 kWh battery,24b50355fc0b9764eec887def1db6701,100.02261323572682,7.564333333333333,0.08899215686274509,85.0,2023-01-06 18:45:37.520157,"N:Work1, T:Long",f1afae39fb2c2a24507d502d7c459189,34.38333333333333,
294,33.333333333333336,2023-01-07 07:57:00.000000,2023-01-07 08:16:55.276435,0 days 00:19:55.276435,Jaguar I-Pace with 85 kWh battery,24b50355fc0b9764eec887def1db6701,100.39518601817076,7.333333333333334,0.08627450980392158,85.0,2023-01-07 08:16:55.276435,"N:Work1, T:Long",a91088cb6c45682becf343e03e82b892,33.333333333333336,
295,33.333333333333336,2023-01-07 13:01:00.000000,2023-01-07 13:20:49.611974,0 days 00:19:49.611974,Jaguar I-Pace with 85 kWh battery,24b50355fc0b9764eec887def1db6701,100.87322809872526,7.333333333333334,0.08627450980392158,85.0,2023-01-07 13:20:49.611974,"N:Work1, T:Long",f54653b3ef696653efe98dd8107817da,33.333333333333336,
296,33.333333333333336,2023-01-07 18:27:00.000000,2023-01-07 18:47:01.301132,0 days 00:20:01.301132,Jaguar I-Pace with 85 kWh battery,24b50355fc0b9764eec887def1db6701,99.89168981032316,7.333333333333334,0.08627450980392158,85.0,2023-01-07 18:47:01.301132,"N:Work1, T:Long",8998376407b5c06020e04d70451bb825,33.333333333333336,
297,1.79,2023-01-01 07:59:00.000000,2023-01-01 08:00:46.910563,0 days 00:01:46.910563,Renault Zoe with 52 kWh battery,4881909a4b340c32d84e2955cde702da,60.27468052522339,0.3043,0.0058519230769230775,52.0,2023-01-01 08:00:46.910563,"N:Residential3, T:Short",9006982ccb8fc86afd0b2157d924f3e4,1.79,
298,1.79,2023-01-01 18:30:00.000000,2023-01-01 18:31:48.739048,0 days 00:01:48.739048,Renault Zoe with 52 kWh battery,4881909a4b340c32d84e2955cde702da,59.261140592702795,0.3043,0.0058519230769230775,52.0,2023-01-01 18:31:48.739048,"N:Residential3, T:Short",9443704f4d82315ac8b5354f4d8ac12e,1.79,
299,1.82,2023-01-02 08:03:00.000000,2023-01-02 08:04:50.199542,0 days 00:01:50.199542,Renault Zoe with 52 kWh battery,4881909a4b340c32d84e2955cde702da,59.45578255772063,0.3094,0.00595,52.0,2023-01-02 08:04:50.199542,"N:Residential3, T:Short",1229c2bc6746898b33cac24f0b13a557,1.82,
300,1.82,2023-01-02 18:30:00.000000,2023-01-02 18:31:48.736467,0 days 00:01:48.736467,Renault Zoe with 52 kWh battery,4881909a4b340c32d84e2955cde702da,60.25577444179832,0.3094,0.00595,52.0,2023-01-02 18:31:48.736467,"N:Residential3, T:Short",c7d15c3fa1620a6843ef516ccccdd27c,1.82,
301,1.835,2023-01-03 08:01:00.000000,2023-01-03 08:02:50.865199,0 days 00:01:50.865199,Renault Zoe with 52 kWh battery,4881909a4b340c32d84e2955cde702da,59.58587621881639,0.31195,0.005999038461538462,52.0,2023-01-03 08:02:50.865199,"N:Residential3, T:Short",bac80b9b30a4d4414fe4af05c3a4be98,1.835,
302,1.835,2023-01-03 18:28:00.000000,2023-01-03 18:29:50.475228,0 days 00:01:50.475228,Renault Zoe with 52 kWh battery,4881909a4b340c32d84e2955cde702da,59.79621042375556,0.31195,0.005999038461538462,52.0,2023-01-03 18:29:50.475228,"N:Residential3, T:Short",037674365ef3e5fe2cff29f954b591d0,1.835,
303,1.85,2023-01-04 07:58:00.000000,2023-01-04 07:59:50.330173,0 days 00:01:50.330173,Renault Zoe with 52 kWh battery,4881909a4b340c32d84e2955cde702da,60.36426691206611,0.31450000000000006,0.006048076923076924,52.0,2023-01-04 07:59:50.330173,"N:Residential3, T:Short",1eb515e5fd699779d48bc934ac3d680c,1.85,
304,1.85,2023-01-04 18:31:00.000000,2023-01-04 18:32:52.668605,0 days 00:01:52.668605,Renault Zoe with 52 kWh battery,4881909a4b340c32d84e2955cde702da,59.111408958241014,0.31450000000000006,0.006048076923076924,52.0,2023-01-04 18:32:52.668605,"N:Residential3, T:Short",28155f171c52a6836ab3d6733be65daa,1.85,
305,1.825,2023-01-05 07:55:00.000000,2023-01-05 07:56:49.889708,0 days 00:01:49.889708,Renault Zoe with 52 kWh battery,4881909a4b340c32d84e2955cde702da,59.7872186147766,0.31025,0.0059663461538461545,52.0,2023-01-05 07:56:49.889708,"N:Residential3, T:Short",259e00dc707c32b9ea1450e6d075ec67,1.825,
306,1.825,2023-01-05 18:25:00.000000,2023-01-05 18:26:49.700742,0 days 00:01:49.700742,Renault Zoe with 52 kWh battery,4881909a4b340c32d84e2955cde702da,59.89020553412586,0.31025,0.0059663461538461545,52.0,2023-01-05 18:26:49.700742,"N:Residential3, T:Short",cd1dee92faa317c9eaecfb59b77d39d0,1.825,
307,1.82,2023-01-06 07:58:00.000000,2023-01-06 07:59:50.734231,0 days 00:01:50.734231,Renault Zoe with 52 kWh battery,4881909a4b340c32d84e2955cde702da,59.168695474245425,0.3094,0.00595,52.0,2023-01-06 07:59:50.734231,"N:Residential3, T:Short",e033d5a666b166d98da18c99d2736811,1.82,
308,1.82,2023-01-06 18:29:00.000000,2023-01-06 18:30:47.462763,0 days 00:01:47.462763,Renault Zoe with 52 kWh battery,4881909a4b340c32d84e2955cde702da,60.969956508878994,0.3094,0.00595,52.0,2023-01-06 18:30:47.462763,"N:Residential3, T:Short",539e7a9213f6c465c1ce34b281f72df7,1.82,
309,1.815,2023-01-07 07:56:00.000000,2023-01-07 07:57:49.464893,0 days 00:01:49.464893,Renault Zoe with 52 kWh battery,4881909a4b340c32d84e2955cde702da,59.69037042639336,0.30855,0.005933653846153846,52.0,2023-01-07 07:57:49.464893,"N:Residential3, T:Short",ed7e62a0c0d58f7a27703cbccc2e9630,1.815,
310,1.815,2023-01-07 18:33:00.000000,2023-01-07 18:34:48.390805,0 days 00:01:48.390805,Renault Zoe with 52 kWh battery,4881909a4b340c32d84e2955cde702da,60.281866040122814,0.30855,0.005933653846153846,52.0,2023-01-07 18:34:48.390805,"N:Residential3, T:Short",54ee5a81f3d8887a6d0f6e0875c92b0a,1.815,
